ID,Title,Year,Author,Link,Start,End,ChartType,SourceWebsite
1,The Coronavirus Explained & What You Should Do,2020,Kurzgesagt – In a Nutshell,https://www.youtube.com/watch?v=BtN-goy9VOY,05:39,05:43,area,https://datavideos.github.io/narration-animation-study/#/clips
2,Overpopulation & Africa,2019,Kurzgesagt – In a Nutshell,https://www.youtube.com/watch?v=NMo3nZHVrZ4,04:18,04:22,area,https://datavideos.github.io/narration-animation-study/#/clips
3,Is War Over? — A Paradox Explained,2014,Kurzgesagt – In a Nutshell,https://www.youtube.com/watch?v=NbuUW9i-mHs,05:20,05:22,area,https://datavideos.github.io/narration-animation-study/#/clips
4,Is War Over? — A Paradox Explained,2014,Kurzgesagt – In a Nutshell,https://www.youtube.com/watch?v=NbuUW9i-mHs,03:23,03:26,area,https://datavideos.github.io/narration-animation-study/#/clips
5,The Most Overvalued Startup in the World?,2019,PolyMatter,https://www.youtube.com/watch?v=DwAyUV6hTf8,10:34,10:44,area,https://datavideos.github.io/narration-animation-study/#/clips
6,Overpopulation & Africa,2019,Kurzgesagt – In a Nutshell,https://www.youtube.com/watch?v=NMo3nZHVrZ4,03:07,03:16,area,https://datavideos.github.io/narration-animation-study/#/clips
7,Overpopulation & Africa,2019,Kurzgesagt – In a Nutshell,https://www.youtube.com/watch?v=NMo3nZHVrZ4,03:17,03:19,area,https://datavideos.github.io/narration-animation-study/#/clips
8,Is War Over? — A Paradox Explained,2014,Kurzgesagt – In a Nutshell,https://www.youtube.com/watch?v=NbuUW9i-mHs,00:19,00:22,area,https://datavideos.github.io/narration-animation-study/#/clips
9,"The Electoral College, explained",2020,Vox,https://www.youtube.com/watch?v=ajavsMbCapY,03:58,04:11,area,https://datavideos.github.io/narration-animation-study/#/clips
10,"The Electoral College, explained",2020,Vox,https://www.youtube.com/watch?v=ajavsMbCapY,04:36,04:58,area,https://datavideos.github.io/narration-animation-study/#/clips
11,The Coronavirus Explained & What You Should Do,2020,Kurzgesagt – In a Nutshell,https://www.youtube.com/watch?v=BtN-goy9VOY,07:45,07:58,area,https://datavideos.github.io/narration-animation-study/#/clips
12,Is War Over? — A Paradox Explained,2014,Kurzgesagt – In a Nutshell,https://www.youtube.com/watch?v=NbuUW9i-mHs,00:12,00:18,area,https://datavideos.github.io/narration-animation-study/#/clips
13,The Coronavirus Explained & What You Should Do,2020,Kurzgesagt – In a Nutshell,https://www.youtube.com/watch?v=BtN-goy9VOY,06:09,06:11,area,https://datavideos.github.io/narration-animation-study/#/clips
14,The Coronavirus Explained & What You Should Do,2020,Kurzgesagt – In a Nutshell,https://www.youtube.com/watch?v=BtN-goy9VOY,05:20,05:28,area,https://datavideos.github.io/narration-animation-study/#/clips
15,The Coronavirus Explained & What You Should Do,2020,Kurzgesagt – In a Nutshell,https://www.youtube.com/watch?v=BtN-goy9VOY,04:51,05:01,area,https://datavideos.github.io/narration-animation-study/#/clips
16,Overpopulation & Africa,2019,Kurzgesagt – In a Nutshell,https://www.youtube.com/watch?v=NMo3nZHVrZ4,06:51,06:58,area,https://datavideos.github.io/narration-animation-study/#/clips
17,Why scientists are so worried about this glacier,2020,Vox,https://www.youtube.com/watch?v=XRUxTFWWWdY,01:07,01:50,area,https://datavideos.github.io/narration-animation-study/#/clips
18,How Big is the Moon? MM#1,2014,Kurzgesagt – In a Nutshell,https://www.youtube.com/watch?v=Tqt9hZcWhJM,01:17,01:23,area,https://datavideos.github.io/narration-animation-study/#/clips
19,Overpopulation & Africa,2019,Kurzgesagt – In a Nutshell,https://www.youtube.com/watch?v=NMo3nZHVrZ4,00:51,01:01,area,https://datavideos.github.io/narration-animation-study/#/clips
20,3 Reasons Why Nuclear Energy Is Awesome! 3/3,2015,Kurzgesagt – In a Nutshell,https://www.youtube.com/watch?v=pVbLlnmxIbY,01:02,01:05,area,https://datavideos.github.io/narration-animation-study/#/clips
21,"The Electoral College, explained",2020,Vox,https://www.youtube.com/watch?v=ajavsMbCapY,02:08,02:17,area,https://datavideos.github.io/narration-animation-study/#/clips
22,Everything You Need to Know About Planet Earth,2014,Kurzgesagt – In a Nutshell,https://www.youtube.com/watch?v=JGXi_9A__Vc,01:52,01:56,area,https://datavideos.github.io/narration-animation-study/#/clips
23,How Big is the Moon? MM#1,2014,Kurzgesagt – In a Nutshell,https://www.youtube.com/watch?v=Tqt9hZcWhJM,00:26,00:33,area,https://datavideos.github.io/narration-animation-study/#/clips
24,How Big is the Moon? MM#1,2014,Kurzgesagt – In a Nutshell,https://www.youtube.com/watch?v=Tqt9hZcWhJM,00:34,00:39,area,https://datavideos.github.io/narration-animation-study/#/clips
25,The Solar System -- our home in space,2013,Kurzgesagt – In a Nutshell,https://www.youtube.com/watch?v=KsF_hdjWJjo,05:42,05:57,area,https://datavideos.github.io/narration-animation-study/#/clips
26,How Big is the Moon? MM#1,2014,Kurzgesagt – In a Nutshell,https://www.youtube.com/watch?v=Tqt9hZcWhJM,00:22,00:26,area,https://datavideos.github.io/narration-animation-study/#/clips
27,Not Everyone Should Code,2018,PolyMatter,https://www.youtube.com/watch?v=EFwa5Owp0-k,00:11,00:14,area,https://datavideos.github.io/narration-animation-study/#/clips
28,"The Electoral College, explained",2020,Vox,https://www.youtube.com/watch?v=ajavsMbCapY,01:57,02:07,area,https://datavideos.github.io/narration-animation-study/#/clips
29,3 Reasons Why Nuclear Energy Is Awesome! 3/3,2015,Kurzgesagt – In a Nutshell,https://www.youtube.com/watch?v=pVbLlnmxIbY,00:57,01:01,area,https://datavideos.github.io/narration-animation-study/#/clips
30,"The Electoral College, explained",2020,Vox,https://www.youtube.com/watch?v=ajavsMbCapY,01:25,01:29,area,https://datavideos.github.io/narration-animation-study/#/clips
31,How The Stock Exchange Works (For Dummies),2013,Kurzgesagt – In a Nutshell,https://www.youtube.com/watch?v=F3QpgXBtDeo,01:39,01:49,area,https://datavideos.github.io/narration-animation-study/#/clips
32,What is Dark Matter and Dark Energy?,2015,Kurzgesagt – In a Nutshell,https://www.youtube.com/watch?v=QAa2O_8wBUQ,03:07,03:12,area,https://datavideos.github.io/narration-animation-study/#/clips
33,3 Reasons Why Nuclear Energy Is Awesome! 3/3,2015,Kurzgesagt – In a Nutshell,https://www.youtube.com/watch?v=pVbLlnmxIbY,01:46,01:58,area,https://datavideos.github.io/narration-animation-study/#/clips
34,Not Everyone Should Code,2018,PolyMatter,https://www.youtube.com/watch?v=EFwa5Owp0-k,00:06,00:09,area,https://datavideos.github.io/narration-animation-study/#/clips
35,How Big is the Moon? MM#1,2014,Kurzgesagt – In a Nutshell,https://www.youtube.com/watch?v=Tqt9hZcWhJM,01:05,01:17,bar,https://datavideos.github.io/narration-animation-study/#/clips
36,Overpopulation & Africa,2019,Kurzgesagt – In a Nutshell,https://www.youtube.com/watch?v=NMo3nZHVrZ4,04:13,04:17,bar,https://datavideos.github.io/narration-animation-study/#/clips
37,"Do cyclists think they're above the law, and does it even matter?",2019,The Guardian,https://www.youtube.com/watch?v=DBP2LTQxqZ8,01:40,01:44,bar,https://datavideos.github.io/narration-animation-study/#/clips
38,Overpopulation & Africa,2019,Kurzgesagt – In a Nutshell,https://www.youtube.com/watch?v=NMo3nZHVrZ4,04:08,04:12,bar,https://datavideos.github.io/narration-animation-study/#/clips
39,Should we abolish private schools?,2019,The Guardian,https://www.youtube.com/watch?v=pN36jVSp1x0,03:59,04:10,bar,https://datavideos.github.io/narration-animation-study/#/clips
40,Why American public transit is so bad | 2020 Election,2020,Vox,https://www.youtube.com/watch?v=-ZDZtBRTyeI,04:04,04:13,bar,https://datavideos.github.io/narration-animation-study/#/clips
41,Overpopulation & Africa,2019,Kurzgesagt – In a Nutshell,https://www.youtube.com/watch?v=NMo3nZHVrZ4,02:58,03:01,bar,https://datavideos.github.io/narration-animation-study/#/clips
42,Should we abolish private schools?,2019,The Guardian,https://www.youtube.com/watch?v=pN36jVSp1x0,02:17,02:23,bar,https://datavideos.github.io/narration-animation-study/#/clips
43,Overpopulation & Africa,2019,Kurzgesagt – In a Nutshell,https://www.youtube.com/watch?v=NMo3nZHVrZ4,02:24,02:26,bar,https://datavideos.github.io/narration-animation-study/#/clips
44,Overpopulation & Africa,2019,Kurzgesagt – In a Nutshell,https://www.youtube.com/watch?v=NMo3nZHVrZ4,02:20,02:23,bar,https://datavideos.github.io/narration-animation-study/#/clips
45,Should you wear a bike helmet?,2018,The Guardian,https://www.youtube.com/watch?v=RWhMEkMtLy0,01:58,02:00,bar,https://datavideos.github.io/narration-animation-study/#/clips
46,How Ukip normalised far-right politics,2019,The Guardian,https://www.youtube.com/watch?v=DCnd8KA-iPk,04:02,04:06,bar,https://datavideos.github.io/narration-animation-study/#/clips
47,Overpopulation & Africa,2019,Kurzgesagt – In a Nutshell,https://www.youtube.com/watch?v=NMo3nZHVrZ4,01:11,01:16,bar,https://datavideos.github.io/narration-animation-study/#/clips
48,Overpopulation & Africa,2019,Kurzgesagt – In a Nutshell,https://www.youtube.com/watch?v=NMo3nZHVrZ4,00:45,00:50,bar,https://datavideos.github.io/narration-animation-study/#/clips
49,How Ukip normalised far-right politics,2019,The Guardian,https://www.youtube.com/watch?v=DCnd8KA-iPk,07:37,07:43,bar,https://datavideos.github.io/narration-animation-study/#/clips
50,Overpopulation & Africa,2019,Kurzgesagt – In a Nutshell,https://www.youtube.com/watch?v=NMo3nZHVrZ4,00:08,00:12,bar,https://datavideos.github.io/narration-animation-study/#/clips
51,Why American public transit is so bad | 2020 Election,2020,Vox,https://www.youtube.com/watch?v=-ZDZtBRTyeI,01:33,01:37,bar,https://datavideos.github.io/narration-animation-study/#/clips
52,Overpopulation & Africa,2019,Kurzgesagt – In a Nutshell,https://www.youtube.com/watch?v=NMo3nZHVrZ4,05:44,05:52,bar,https://datavideos.github.io/narration-animation-study/#/clips
53,The Solar System -- our home in space,2013,Kurzgesagt – In a Nutshell,https://www.youtube.com/watch?v=KsF_hdjWJjo,01:01,01:04,bar,https://datavideos.github.io/narration-animation-study/#/clips
54,Overpopulation & Africa,2019,Kurzgesagt – In a Nutshell,https://www.youtube.com/watch?v=NMo3nZHVrZ4,06:35,06:38,bar,https://datavideos.github.io/narration-animation-study/#/clips
55,A better way to tax the rich,2019,Vox,https://www.youtube.com/watch?v=pTwPHuE_HrU,02:57,03:11,bar,https://datavideos.github.io/narration-animation-study/#/clips
56,A better way to tax the rich,2019,Vox,https://www.youtube.com/watch?v=pTwPHuE_HrU,03:12,03:29,bar,https://datavideos.github.io/narration-animation-study/#/clips
57,"The Electoral College, explained",2020,Vox,https://www.youtube.com/watch?v=ajavsMbCapY,02:27,02:31,bar,https://datavideos.github.io/narration-animation-study/#/clips
58,The problem with America's college entrance exam,2019,Vox,https://www.youtube.com/watch?v=WjVVwMGJ9S8,04:12,04:30,bar,https://datavideos.github.io/narration-animation-study/#/clips
59,The problem with America's college entrance exam,2019,Vox,https://www.youtube.com/watch?v=WjVVwMGJ9S8,04:34,04:42,bar,https://datavideos.github.io/narration-animation-study/#/clips
60,The problem with America's college entrance exam,2019,Vox,https://www.youtube.com/watch?v=WjVVwMGJ9S8,05:16,05:26,bar,https://datavideos.github.io/narration-animation-study/#/clips
61,The problem with America's college entrance exam,2019,Vox,https://www.youtube.com/watch?v=WjVVwMGJ9S8,05:34,05:53,bar,https://datavideos.github.io/narration-animation-study/#/clips
62,A better way to tax the rich,2019,Vox,https://www.youtube.com/watch?v=pTwPHuE_HrU,02:44,02:56,bar,https://datavideos.github.io/narration-animation-study/#/clips
63,Why drugs cost more in America,2019,Vox,https://www.youtube.com/watch?v=v7xmkzVU29Q,00:22,00:25,bar,https://datavideos.github.io/narration-animation-study/#/clips
64,Why drugs cost more in America,2019,Vox,https://www.youtube.com/watch?v=v7xmkzVU29Q,00:30,00:32,bar,https://datavideos.github.io/narration-animation-study/#/clips
65,Why drugs cost more in America,2019,Vox,https://www.youtube.com/watch?v=v7xmkzVU29Q,00:33,00:34,bar,https://datavideos.github.io/narration-animation-study/#/clips
66,Why drugs cost more in America,2019,Vox,https://www.youtube.com/watch?v=v7xmkzVU29Q,00:35,00:38,bar,https://datavideos.github.io/narration-animation-study/#/clips
67,Why drugs cost more in America,2019,Vox,https://www.youtube.com/watch?v=v7xmkzVU29Q,00:39,00:44,bar,https://datavideos.github.io/narration-animation-study/#/clips
68,Why drugs cost more in America,2019,Vox,https://www.youtube.com/watch?v=v7xmkzVU29Q,02:57,03:04,bar,https://datavideos.github.io/narration-animation-study/#/clips
69,Why fixing the US bail system is tricky,2019,Vox,https://www.youtube.com/watch?v=5mhwDSHKEyM,03:35,03:48,bar,https://datavideos.github.io/narration-animation-study/#/clips
70,Why African-Americans left the south in droves — and what's bringing them back,2017,Vox,https://www.youtube.com/watch?v=VCdTyl141bA,05:00,05:05,bar,https://datavideos.github.io/narration-animation-study/#/clips
71,Why drugs cost more in America,2019,Vox,https://www.youtube.com/watch?v=v7xmkzVU29Q,00:26,00:29,bar,https://datavideos.github.io/narration-animation-study/#/clips
72,Overpopulation & Africa,2019,Kurzgesagt – In a Nutshell,https://www.youtube.com/watch?v=NMo3nZHVrZ4,06:18,06:22,bar,https://datavideos.github.io/narration-animation-study/#/clips
73,A better way to tax the rich,2019,Vox,https://www.youtube.com/watch?v=pTwPHuE_HrU,02:22,02:43,bar,https://datavideos.github.io/narration-animation-study/#/clips
74,A better way to tax the rich,2019,Vox,https://www.youtube.com/watch?v=pTwPHuE_HrU,01:42,01:52,bar,https://datavideos.github.io/narration-animation-study/#/clips
75,How highways make traffic worse,2021,Vox,https://www.youtube.com/watch?v=2z7o3sRxA5g,00:54,01:01,bar,https://datavideos.github.io/narration-animation-study/#/clips
76,Why the Green New Deal matters,2019,The Guardian,https://www.youtube.com/watch?v=uampTRW4KbQ,01:26,01:31,bar,https://datavideos.github.io/narration-animation-study/#/clips
77,"The Electoral College, explained",2020,Vox,https://www.youtube.com/watch?v=ajavsMbCapY,05:46,05:52,bar,https://datavideos.github.io/narration-animation-study/#/clips
78,Who pays the lowest taxes in the US?,2019,Vox,https://www.youtube.com/watch?v=kXCGbAv8YPw,00:28,00:48,bar,https://datavideos.github.io/narration-animation-study/#/clips
79,Who pays the lowest taxes in the US?,2019,Vox,https://www.youtube.com/watch?v=kXCGbAv8YPw,01:06,01:21,bar,https://datavideos.github.io/narration-animation-study/#/clips
80,Who pays the lowest taxes in the US?,2019,Vox,https://www.youtube.com/watch?v=kXCGbAv8YPw,01:39,01:51,bar,https://datavideos.github.io/narration-animation-study/#/clips
81,Who pays the lowest taxes in the US?,2019,Vox,https://www.youtube.com/watch?v=kXCGbAv8YPw,02:00,02:03,bar,https://datavideos.github.io/narration-animation-study/#/clips
82,A better way to tax the rich,2019,Vox,https://www.youtube.com/watch?v=pTwPHuE_HrU,02:08,02:21,bar,https://datavideos.github.io/narration-animation-study/#/clips
83,Who pays the lowest taxes in the US?,2019,Vox,https://www.youtube.com/watch?v=kXCGbAv8YPw,02:12,02:17,bar,https://datavideos.github.io/narration-animation-study/#/clips
84,Who pays the lowest taxes in the US?,2019,Vox,https://www.youtube.com/watch?v=kXCGbAv8YPw,03:11,03:16,bar,https://datavideos.github.io/narration-animation-study/#/clips
85,Who pays the lowest taxes in the US?,2019,Vox,https://www.youtube.com/watch?v=kXCGbAv8YPw,03:24,03:33,bar,https://datavideos.github.io/narration-animation-study/#/clips
86,Who pays the lowest taxes in the US?,2019,Vox,https://www.youtube.com/watch?v=kXCGbAv8YPw,03:34,03:44,bar,https://datavideos.github.io/narration-animation-study/#/clips
87,Who pays the lowest taxes in the US?,2019,Vox,https://www.youtube.com/watch?v=kXCGbAv8YPw,04:39,04:48,bar,https://datavideos.github.io/narration-animation-study/#/clips
88,Who pays the lowest taxes in the US?,2019,Vox,https://www.youtube.com/watch?v=kXCGbAv8YPw,04:49,05:40,bar,https://datavideos.github.io/narration-animation-study/#/clips
89,A better way to tax the rich,2019,Vox,https://www.youtube.com/watch?v=pTwPHuE_HrU,00:00,01:14,bar,https://datavideos.github.io/narration-animation-study/#/clips
90,A better way to tax the rich,2019,Vox,https://www.youtube.com/watch?v=pTwPHuE_HrU,01:16,01:28,bar,https://datavideos.github.io/narration-animation-study/#/clips
91,Who pays the lowest taxes in the US?,2019,Vox,https://www.youtube.com/watch?v=kXCGbAv8YPw,02:18,02:27,bar,https://datavideos.github.io/narration-animation-study/#/clips
92,Why your memories can't be trusted,2019,The Guardian,https://www.youtube.com/watch?v=td13Zz1z3LA,05:42,05:54,bar,https://datavideos.github.io/narration-animation-study/#/clips
93,Why African-Americans left the south in droves — and what's bringing them back,2017,Vox,https://www.youtube.com/watch?v=VCdTyl141bA,04:41,04:51,bar,https://datavideos.github.io/narration-animation-study/#/clips
94,Dubai's Plan to Outlive Oil,2018,PolyMatter,https://www.youtube.com/watch?v=-dsM8zPGqa0,01:12,01:18,bar,https://datavideos.github.io/narration-animation-study/#/clips
95,The Rise of the Machines – Why Automation is Different this Time,2017,Kurzgesagt – In a Nutshell,https://www.youtube.com/watch?v=WSKi8HfcxEk,08:03,08:08,bar,https://datavideos.github.io/narration-animation-study/#/clips
96,Milk. White Poison or Healthy Drink?,2020,Kurzgesagt – In a Nutshell,https://www.youtube.com/watch?v=oakWgLqCwUc,08:34,08:41,bar,https://datavideos.github.io/narration-animation-study/#/clips
97,Weed: 12 Interesting Facts You Should Know,2015,The Infographics Show,https://www.youtube.com/watch?v=HrWVVCuMbdg,01:36,01:42,bar,https://datavideos.github.io/narration-animation-study/#/clips
98,Milk. White Poison or Healthy Drink?,2020,Kurzgesagt – In a Nutshell,https://www.youtube.com/watch?v=oakWgLqCwUc,01:55,02:00,bar,https://datavideos.github.io/narration-animation-study/#/clips
99,How American CEOs got so rich,2019,Vox,https://www.youtube.com/watch?v=ylLTMYt24lA,04:44,04:58,bar,https://datavideos.github.io/narration-animation-study/#/clips
100,How American CEOs got so rich,2019,Vox,https://www.youtube.com/watch?v=ylLTMYt24lA,07:35,07:48,bar,https://datavideos.github.io/narration-animation-study/#/clips
101,How Somalia’s Pirates Make Money,2019,PolyMatter,https://www.youtube.com/watch?v=dZh0B8AYxac,06:46,06:48,bar,https://datavideos.github.io/narration-animation-study/#/clips
102,How Somalia’s Pirates Make Money,2019,PolyMatter,https://www.youtube.com/watch?v=dZh0B8AYxac,07:43,07:47,bar,https://datavideos.github.io/narration-animation-study/#/clips
103,China vs Japan - Who Would Win - Army / Military Comparison,2017,The Infographics Show,https://www.youtube.com/watch?v=eBV4GmK4kO4,00:32,00:50,bar,https://datavideos.github.io/narration-animation-study/#/clips
104,How IKEA Became Sweden’s National Brand,2020,PolyMatter,https://www.youtube.com/watch?v=AABqfDIbXSI,08:17,08:28,bar,https://datavideos.github.io/narration-animation-study/#/clips
105,Is Amazon Too Big?,2019,PolyMatter,https://www.youtube.com/watch?v=EYPs-ya_GDA,06:02,06:18,bar,https://datavideos.github.io/narration-animation-study/#/clips
106,The Biology of Business,2018,PolyMatter,https://www.youtube.com/watch?v=4A89J4zrBw8,03:50,04:00,bar,https://datavideos.github.io/narration-animation-study/#/clips
107,The Biology of Business,2018,PolyMatter,https://www.youtube.com/watch?v=4A89J4zrBw8,03:45,03:49,bar,https://datavideos.github.io/narration-animation-study/#/clips
108,Why the $5 Footlong Failed: How Franchising Works,2019,PolyMatter,https://www.youtube.com/watch?v=1rb3bMvDdX4,00:26,00:36,bar,https://datavideos.github.io/narration-animation-study/#/clips
109,How to Save the Online Economy,2018,PolyMatter,https://www.youtube.com/watch?v=w8Il1y1hTFc,02:13,03:03,bar,https://datavideos.github.io/narration-animation-study/#/clips
110,The Solar System -- our home in space,2013,Kurzgesagt – In a Nutshell,https://www.youtube.com/watch?v=KsF_hdjWJjo,03:49,03:58,bar,https://datavideos.github.io/narration-animation-study/#/clips
111,Why In-N-Out Isn't Coming to a City Near You,2019,PolyMatter,https://www.youtube.com/watch?v=xfQBkdLa6fo,00:36,00:53,bar,https://datavideos.github.io/narration-animation-study/#/clips
112,The Most Overvalued Startup in the World?,2019,PolyMatter,https://www.youtube.com/watch?v=DwAyUV6hTf8,08:08,08:15,bar,https://datavideos.github.io/narration-animation-study/#/clips
113,The Most Overvalued Startup in the World?,2019,PolyMatter,https://www.youtube.com/watch?v=DwAyUV6hTf8,05:42,05:54,bar,https://datavideos.github.io/narration-animation-study/#/clips
114,The Most Overvalued Startup in the World?,2019,PolyMatter,https://www.youtube.com/watch?v=DwAyUV6hTf8,00:24,00:36,bar,https://datavideos.github.io/narration-animation-study/#/clips
115,Is War Over? — A Paradox Explained,2014,Kurzgesagt – In a Nutshell,https://www.youtube.com/watch?v=NbuUW9i-mHs,02:23,02:27,bar,https://datavideos.github.io/narration-animation-study/#/clips
116,How Somalia’s Pirates Make Money,2019,PolyMatter,https://www.youtube.com/watch?v=dZh0B8AYxac,02:15,02:19,bar,https://datavideos.github.io/narration-animation-study/#/clips
117,Weed: 12 Interesting Facts You Should Know,2015,The Infographics Show,https://www.youtube.com/watch?v=HrWVVCuMbdg,03:06,03:09,bar,https://datavideos.github.io/narration-animation-study/#/clips
118,Why African-Americans left the south in droves — and what's bringing them back,2017,Vox,https://www.youtube.com/watch?v=VCdTyl141bA,04:51,04:59,bar,https://datavideos.github.io/narration-animation-study/#/clips
119,The Solar System -- our home in space,2013,Kurzgesagt – In a Nutshell,https://www.youtube.com/watch?v=KsF_hdjWJjo,00:56,01:00,bar,https://datavideos.github.io/narration-animation-study/#/clips
120,Why are houses so expensive?,2020,The Guardian,https://www.youtube.com/watch?v=vhAXp0xzMFg,05:04,05:10,bar,https://datavideos.github.io/narration-animation-study/#/clips
121,CIA Spent $20 Million Training Cats To Be Spies - Unbelievable But True Cat Facts,2015,The Infographics Show,https://www.youtube.com/watch?v=zbTdT6wkY8k,00:43,00:48,bar,https://datavideos.github.io/narration-animation-study/#/clips
122,Why Israel is a Tech Capital of the World,2019,PolyMatter,https://www.youtube.com/watch?v=RuPx61911Oo,05:26,05:43,bar,https://datavideos.github.io/narration-animation-study/#/clips
123,Why Israel is a Tech Capital of the World,2019,PolyMatter,https://www.youtube.com/watch?v=RuPx61911Oo,05:44,05:46,bar,https://datavideos.github.io/narration-animation-study/#/clips
124,Why Israel is a Tech Capital of the World,2019,PolyMatter,https://www.youtube.com/watch?v=RuPx61911Oo,05:47,05:59,bar,https://datavideos.github.io/narration-animation-study/#/clips
125,Why Israel is a Tech Capital of the World,2019,PolyMatter,https://www.youtube.com/watch?v=RuPx61911Oo,06:00,06:13,bar,https://datavideos.github.io/narration-animation-study/#/clips
126,How Somalia’s Pirates Make Money,2019,PolyMatter,https://www.youtube.com/watch?v=dZh0B8AYxac,02:09,02:14,bar,https://datavideos.github.io/narration-animation-study/#/clips
127,"Iraq Explained -- ISIS, Syria and War",2014,Kurzgesagt – In a Nutshell,https://www.youtube.com/watch?v=AQPlREDW-Ro,01:14,01:22,bar,https://datavideos.github.io/narration-animation-study/#/clips
128,Why Israel is a Tech Capital of the World,2019,PolyMatter,https://www.youtube.com/watch?v=RuPx61911Oo,07:29,07:37,bar,https://datavideos.github.io/narration-animation-study/#/clips
129,How Somalia’s Pirates Make Money,2019,PolyMatter,https://www.youtube.com/watch?v=dZh0B8AYxac,00:56,01:01,bar,https://datavideos.github.io/narration-animation-study/#/clips
130,"Iraq Explained -- ISIS, Syria and War",2014,Kurzgesagt – In a Nutshell,https://www.youtube.com/watch?v=AQPlREDW-Ro,00:26,00:37,bar,https://datavideos.github.io/narration-animation-study/#/clips
131,"Iraq Explained -- ISIS, Syria and War",2014,Kurzgesagt – In a Nutshell,https://www.youtube.com/watch?v=AQPlREDW-Ro,00:18,00:21,bar,https://datavideos.github.io/narration-animation-study/#/clips
132,CIA Spent $20 Million Training Cats To Be Spies - Unbelievable But True Cat Facts,2015,The Infographics Show,https://www.youtube.com/watch?v=zbTdT6wkY8k,00:23,00:30,bar,https://datavideos.github.io/narration-animation-study/#/clips
133,Is War Over? — A Paradox Explained,2014,Kurzgesagt – In a Nutshell,https://www.youtube.com/watch?v=NbuUW9i-mHs,03:29,03:35,bar,https://datavideos.github.io/narration-animation-study/#/clips
134,Is War Over? — A Paradox Explained,2014,Kurzgesagt – In a Nutshell,https://www.youtube.com/watch?v=NbuUW9i-mHs,03:08,03:13,bar,https://datavideos.github.io/narration-animation-study/#/clips
135,Why Israel is a Tech Capital of the World,2019,PolyMatter,https://www.youtube.com/watch?v=RuPx61911Oo,06:13,06:22,bar,https://datavideos.github.io/narration-animation-study/#/clips
136,The Most Overvalued Startup in the World?,2019,PolyMatter,https://www.youtube.com/watch?v=DwAyUV6hTf8,02:10,02:20,bar,https://datavideos.github.io/narration-animation-study/#/clips
137,Why scientists are so worried about this glacier,2020,Vox,https://www.youtube.com/watch?v=XRUxTFWWWdY,04:06,04:22,combined,https://datavideos.github.io/narration-animation-study/#/clips
138,Is Solar Energy Really Better Than Nuclear Energy?,2017,The Infographics Show,https://www.youtube.com/watch?v=Z6rilA4uTlQ,03:32,03:53,combined,https://datavideos.github.io/narration-animation-study/#/clips
139,How America's abortion obsession was sparked on a conference call,2019,The Guardian,https://www.youtube.com/watch?v=Vuw7cj2PvYQ,00:50,01:12,combined,https://datavideos.github.io/narration-animation-study/#/clips
140,How wealth inequality is dangerous for America,2014,Vox,https://www.youtube.com/watch?v=6Xa9T2OMzmw,00:47,00:58,combined,https://datavideos.github.io/narration-animation-study/#/clips
141,Why fixing the US bail system is tricky,2019,Vox,https://www.youtube.com/watch?v=5mhwDSHKEyM,00:01,00:29,combined,https://datavideos.github.io/narration-animation-study/#/clips
142,Why are houses so expensive?,2020,The Guardian,https://www.youtube.com/watch?v=vhAXp0xzMFg,00:02,00:12,combined,https://datavideos.github.io/narration-animation-study/#/clips
143,Dubai's Plan to Outlive Oil,2018,PolyMatter,https://www.youtube.com/watch?v=-dsM8zPGqa0,07:35,08:03,combined,https://datavideos.github.io/narration-animation-study/#/clips
144,Is War Over? — A Paradox Explained,2014,Kurzgesagt – In a Nutshell,https://www.youtube.com/watch?v=NbuUW9i-mHs,04:55,05:16,combined,https://datavideos.github.io/narration-animation-study/#/clips
145,Is War Over? — A Paradox Explained,2014,Kurzgesagt – In a Nutshell,https://www.youtube.com/watch?v=NbuUW9i-mHs,02:51,02:58,combined,https://datavideos.github.io/narration-animation-study/#/clips
146,How Somalia’s Pirates Make Money,2019,PolyMatter,https://www.youtube.com/watch?v=dZh0B8AYxac,04:10,04:20,combined,https://datavideos.github.io/narration-animation-study/#/clips
147,"The Electoral College, explained",2020,Vox,https://www.youtube.com/watch?v=ajavsMbCapY,06:36,06:55,combined,https://datavideos.github.io/narration-animation-study/#/clips
148,"The Electoral College, explained",2020,Vox,https://www.youtube.com/watch?v=ajavsMbCapY,05:05,05:30,combined,https://datavideos.github.io/narration-animation-study/#/clips
149,"The Electoral College, explained",2020,Vox,https://www.youtube.com/watch?v=ajavsMbCapY,02:36,02:56,combined,https://datavideos.github.io/narration-animation-study/#/clips
150,"The Electoral College, explained",2020,Vox,https://www.youtube.com/watch?v=ajavsMbCapY,02:57,03:41,combined,https://datavideos.github.io/narration-animation-study/#/clips
151,Is Amazon Too Big?,2019,PolyMatter,https://www.youtube.com/watch?v=EYPs-ya_GDA,08:45,08:51,donut,https://datavideos.github.io/narration-animation-study/#/clips
152,CIA Spent $20 Million Training Cats To Be Spies - Unbelievable But True Cat Facts,2015,The Infographics Show,https://www.youtube.com/watch?v=zbTdT6wkY8k,02:07,02:10,donut,https://datavideos.github.io/narration-animation-study/#/clips
153,Why Israel is a Tech Capital of the World,2019,PolyMatter,https://www.youtube.com/watch?v=RuPx61911Oo,04:24,04:28,donut,https://datavideos.github.io/narration-animation-study/#/clips
154,Why fixing the US bail system is tricky,2019,Vox,https://www.youtube.com/watch?v=5mhwDSHKEyM,00:44,00:51,donut,https://datavideos.github.io/narration-animation-study/#/clips
155,Why Israel is a Tech Capital of the World,2019,PolyMatter,https://www.youtube.com/watch?v=RuPx61911Oo,04:49,05:05,donut,https://datavideos.github.io/narration-animation-study/#/clips
156,How Somalia’s Pirates Make Money,2019,PolyMatter,https://www.youtube.com/watch?v=dZh0B8AYxac,01:24,01:27,donut,https://datavideos.github.io/narration-animation-study/#/clips
157,CIA Spent $20 Million Training Cats To Be Spies - Unbelievable But True Cat Facts,2015,The Infographics Show,https://www.youtube.com/watch?v=zbTdT6wkY8k,00:36,00:38,donut,https://datavideos.github.io/narration-animation-study/#/clips
158,CIA Spent $20 Million Training Cats To Be Spies - Unbelievable But True Cat Facts,2015,The Infographics Show,https://www.youtube.com/watch?v=zbTdT6wkY8k,00:31,00:35,donut,https://datavideos.github.io/narration-animation-study/#/clips
159,Weed: 12 Interesting Facts You Should Know,2015,The Infographics Show,https://www.youtube.com/watch?v=HrWVVCuMbdg,02:26,02:35,donut,https://datavideos.github.io/narration-animation-study/#/clips
160,Weed: 12 Interesting Facts You Should Know,2015,The Infographics Show,https://www.youtube.com/watch?v=HrWVVCuMbdg,02:14,02:25,donut,https://datavideos.github.io/narration-animation-study/#/clips
161,How Somalia’s Pirates Make Money,2019,PolyMatter,https://www.youtube.com/watch?v=dZh0B8AYxac,02:26,02:32,donut,https://datavideos.github.io/narration-animation-study/#/clips
162,Why the $5 Footlong Failed: How Franchising Works,2019,PolyMatter,https://www.youtube.com/watch?v=1rb3bMvDdX4,02:43,03:02,donut,https://datavideos.github.io/narration-animation-study/#/clips
163,CIA Spent $20 Million Training Cats To Be Spies - Unbelievable But True Cat Facts,2015,The Infographics Show,https://www.youtube.com/watch?v=zbTdT6wkY8k,02:11,02:13,donut,https://datavideos.github.io/narration-animation-study/#/clips
164,Weed: 12 Interesting Facts You Should Know,2015,The Infographics Show,https://www.youtube.com/watch?v=HrWVVCuMbdg,01:01,01:06,donut,https://datavideos.github.io/narration-animation-study/#/clips
165,How Somalia’s Pirates Make Money,2019,PolyMatter,https://www.youtube.com/watch?v=dZh0B8AYxac,05:58,06:06,donut,https://datavideos.github.io/narration-animation-study/#/clips
166,The Most Overvalued Startup in the World?,2019,PolyMatter,https://www.youtube.com/watch?v=DwAyUV6hTf8,01:57,02:04,donut,https://datavideos.github.io/narration-animation-study/#/clips
167,How Somalia’s Pirates Make Money,2019,PolyMatter,https://www.youtube.com/watch?v=dZh0B8AYxac,06:27,06:45,donut,https://datavideos.github.io/narration-animation-study/#/clips
168,Is Solar Energy Really Better Than Nuclear Energy?,2017,The Infographics Show,https://www.youtube.com/watch?v=Z6rilA4uTlQ,04:14,04:33,donut,https://datavideos.github.io/narration-animation-study/#/clips
169,Is Amazon Too Big?,2019,PolyMatter,https://www.youtube.com/watch?v=EYPs-ya_GDA,02:20,02:25,donut,https://datavideos.github.io/narration-animation-study/#/clips
170,Is Solar Energy Really Better Than Nuclear Energy?,2017,The Infographics Show,https://www.youtube.com/watch?v=Z6rilA4uTlQ,02:26,02:36,donut,https://datavideos.github.io/narration-animation-study/#/clips
171,How to Save the Online Economy,2018,PolyMatter,https://www.youtube.com/watch?v=w8Il1y1hTFc,08:02,08:08,donut,https://datavideos.github.io/narration-animation-study/#/clips
172,VEGANS vs MEAT EATERS - Who Will Live Longer? Food / Diet Comparison,2017,The Infographics Show,https://www.youtube.com/watch?v=sAN1J4PY6is,01:10,01:12,donut,https://datavideos.github.io/narration-animation-study/#/clips
173,VEGANS vs MEAT EATERS - Who Will Live Longer? Food / Diet Comparison,2017,The Infographics Show,https://www.youtube.com/watch?v=sAN1J4PY6is,00:58,01:09,donut,https://datavideos.github.io/narration-animation-study/#/clips
174,VEGANS vs MEAT EATERS - Who Will Live Longer? Food / Diet Comparison,2017,The Infographics Show,https://www.youtube.com/watch?v=sAN1J4PY6is,00:53,00:57,donut,https://datavideos.github.io/narration-animation-study/#/clips
175,Is Amazon Too Big?,2019,PolyMatter,https://www.youtube.com/watch?v=EYPs-ya_GDA,05:02,05:21,donut,https://datavideos.github.io/narration-animation-study/#/clips
176,VEGANS vs MEAT EATERS - Who Will Live Longer? Food / Diet Comparison,2017,The Infographics Show,https://www.youtube.com/watch?v=sAN1J4PY6is,00:46,00:52,donut,https://datavideos.github.io/narration-animation-study/#/clips
177,Is Amazon Too Big?,2019,PolyMatter,https://www.youtube.com/watch?v=EYPs-ya_GDA,06:19,06:44,donut,https://datavideos.github.io/narration-animation-study/#/clips
178,Weed: 12 Interesting Facts You Should Know,2015,The Infographics Show,https://www.youtube.com/watch?v=HrWVVCuMbdg,00:50,00:53,donut,https://datavideos.github.io/narration-animation-study/#/clips
179,Weed: 12 Interesting Facts You Should Know,2015,The Infographics Show,https://www.youtube.com/watch?v=HrWVVCuMbdg,00:25,00:38,donut,https://datavideos.github.io/narration-animation-study/#/clips
180,CIA Spent $20 Million Training Cats To Be Spies - Unbelievable But True Cat Facts,2015,The Infographics Show,https://www.youtube.com/watch?v=zbTdT6wkY8k,02:14,02:20,donut,https://datavideos.github.io/narration-animation-study/#/clips
181,Why In-N-Out Isn't Coming to a City Near You,2019,PolyMatter,https://www.youtube.com/watch?v=xfQBkdLa6fo,02:12,02:16,donut,https://datavideos.github.io/narration-animation-study/#/clips
182,The gun solution we're not talking about,2019,Vox,https://www.youtube.com/watch?v=ENw2y0ek1Jg,00:39,00:48,donut,https://datavideos.github.io/narration-animation-study/#/clips
183,The Solar System -- our home in space,2013,Kurzgesagt – In a Nutshell,https://www.youtube.com/watch?v=KsF_hdjWJjo,04:07,04:20,donut,https://datavideos.github.io/narration-animation-study/#/clips
184,The Economics of K-Pop,2019,PolyMatter,https://www.youtube.com/watch?v=-bbfFf07WNw,01:00,01:06,donut,https://datavideos.github.io/narration-animation-study/#/clips
185,The gun solution we're not talking about,2019,Vox,https://www.youtube.com/watch?v=ENw2y0ek1Jg,04:10,04:12,donut,https://datavideos.github.io/narration-animation-study/#/clips
186,Why In-N-Out Isn't Coming to a City Near You,2019,PolyMatter,https://www.youtube.com/watch?v=xfQBkdLa6fo,07:26,07:30,donut,https://datavideos.github.io/narration-animation-study/#/clips
187,Why In-N-Out Isn't Coming to a City Near You,2019,PolyMatter,https://www.youtube.com/watch?v=xfQBkdLa6fo,07:22,07:25,donut,https://datavideos.github.io/narration-animation-study/#/clips
188,Fracking explained: opportunity or danger,2013,Kurzgesagt – In a Nutshell,https://www.youtube.com/watch?v=Uti2niW2BRA,01:17,01:22,donut,https://datavideos.github.io/narration-animation-study/#/clips
189,The gun solution we're not talking about,2019,Vox,https://www.youtube.com/watch?v=ENw2y0ek1Jg,05:44,05:52,donut,https://datavideos.github.io/narration-animation-study/#/clips
190,The Solar System -- our home in space,2013,Kurzgesagt – In a Nutshell,https://www.youtube.com/watch?v=KsF_hdjWJjo,01:16,01:19,donut,https://datavideos.github.io/narration-animation-study/#/clips
191,The Economics of K-Pop,2019,PolyMatter,https://www.youtube.com/watch?v=-bbfFf07WNw,01:07,01:14,donut,https://datavideos.github.io/narration-animation-study/#/clips
192,How IKEA Became Sweden’s National Brand,2020,PolyMatter,https://www.youtube.com/watch?v=AABqfDIbXSI,04:48,04:55,line,https://datavideos.github.io/narration-animation-study/#/clips
193,The Economics of Uber,2018,PolyMatter,https://www.youtube.com/watch?v=jzFTwBkIC5o,02:37,02:45,line,https://datavideos.github.io/narration-animation-study/#/clips
194,Why the Green New Deal matters,2019,The Guardian,https://www.youtube.com/watch?v=uampTRW4KbQ,01:32,01:36,line,https://datavideos.github.io/narration-animation-study/#/clips
195,Why are houses so expensive?,2020,The Guardian,https://www.youtube.com/watch?v=vhAXp0xzMFg,02:40,02:46,line,https://datavideos.github.io/narration-animation-study/#/clips
196,"The Electoral College, explained",2020,Vox,https://www.youtube.com/watch?v=ajavsMbCapY,07:02,07:10,line,https://datavideos.github.io/narration-animation-study/#/clips
197,Why are houses so expensive?,2020,The Guardian,https://www.youtube.com/watch?v=vhAXp0xzMFg,03:09,03:32,line,https://datavideos.github.io/narration-animation-study/#/clips
198,Is Amazon Too Big?,2019,PolyMatter,https://www.youtube.com/watch?v=EYPs-ya_GDA,07:40,07:53,line,https://datavideos.github.io/narration-animation-study/#/clips
199,The End of the SAT?,2020,PolyMatter,https://www.youtube.com/watch?v=cKQLKf3dS1Y,09:08,09:18,line,https://datavideos.github.io/narration-animation-study/#/clips
200,The End of the SAT?,2020,PolyMatter,https://www.youtube.com/watch?v=cKQLKf3dS1Y,04:54,05:16,line,https://datavideos.github.io/narration-animation-study/#/clips
201,Overpopulation & Africa,2019,Kurzgesagt – In a Nutshell,https://www.youtube.com/watch?v=NMo3nZHVrZ4,03:47,03:54,line,https://datavideos.github.io/narration-animation-study/#/clips
202,The End of the SAT?,2020,PolyMatter,https://www.youtube.com/watch?v=cKQLKf3dS1Y,04:36,04:49,line,https://datavideos.github.io/narration-animation-study/#/clips
203,Why the $5 Footlong Failed: How Franchising Works,2019,PolyMatter,https://www.youtube.com/watch?v=1rb3bMvDdX4,01:07,01:15,line,https://datavideos.github.io/narration-animation-study/#/clips
204,Should you wear a bike helmet?,2018,The Guardian,https://www.youtube.com/watch?v=RWhMEkMtLy0,01:08,01:15,line,https://datavideos.github.io/narration-animation-study/#/clips
205,The Biology of Business,2018,PolyMatter,https://www.youtube.com/watch?v=4A89J4zrBw8,01:07,01:14,line,https://datavideos.github.io/narration-animation-study/#/clips
206,How America's abortion obsession was sparked on a conference call,2019,The Guardian,https://www.youtube.com/watch?v=Vuw7cj2PvYQ,05:11,05:23,line,https://datavideos.github.io/narration-animation-study/#/clips
207,Scottish independence referendum 2014 explained | Guardian Animations,2014,The Guardian,https://www.youtube.com/watch?v=zIeVmqVB9pQ,03:32,03:36,line,https://datavideos.github.io/narration-animation-study/#/clips
208,Should we abolish private schools?,2019,The Guardian,https://www.youtube.com/watch?v=pN36jVSp1x0,02:24,02:28,line,https://datavideos.github.io/narration-animation-study/#/clips
209,How The Stock Exchange Works (For Dummies),2013,Kurzgesagt – In a Nutshell,https://www.youtube.com/watch?v=F3QpgXBtDeo,01:57,02:15,line,https://datavideos.github.io/narration-animation-study/#/clips
210,Subscription Affliction - Everything is $10/month,2018,PolyMatter,https://www.youtube.com/watch?v=lTKuQQegNTs,04:51,05:01,line,https://datavideos.github.io/narration-animation-study/#/clips
211,How The Stock Exchange Works (For Dummies),2013,Kurzgesagt – In a Nutshell,https://www.youtube.com/watch?v=F3QpgXBtDeo,00:59,01:14,line,https://datavideos.github.io/narration-animation-study/#/clips
212,Why the Green New Deal matters,2019,The Guardian,https://www.youtube.com/watch?v=uampTRW4KbQ,05:14,05:17,line,https://datavideos.github.io/narration-animation-study/#/clips
213,The End of the SAT?,2020,PolyMatter,https://www.youtube.com/watch?v=cKQLKf3dS1Y,06:56,07:07,line,https://datavideos.github.io/narration-animation-study/#/clips
214,How Somalia’s Pirates Make Money,2019,PolyMatter,https://www.youtube.com/watch?v=dZh0B8AYxac,05:33,05:38,line,https://datavideos.github.io/narration-animation-study/#/clips
215,"Do cyclists think they're above the law, and does it even matter?",2019,The Guardian,https://www.youtube.com/watch?v=DBP2LTQxqZ8,05:56,06:10,line,https://datavideos.github.io/narration-animation-study/#/clips
216,Why are houses so expensive?,2020,The Guardian,https://www.youtube.com/watch?v=vhAXp0xzMFg,04:33,04:43,line,https://datavideos.github.io/narration-animation-study/#/clips
217,How American CEOs got so rich,2019,Vox,https://www.youtube.com/watch?v=ylLTMYt24lA,02:46,03:03,line,https://datavideos.github.io/narration-animation-study/#/clips
218,How American CEOs got so rich,2019,Vox,https://www.youtube.com/watch?v=ylLTMYt24lA,04:13,04:32,line,https://datavideos.github.io/narration-animation-study/#/clips
219,How American CEOs got so rich,2019,Vox,https://www.youtube.com/watch?v=ylLTMYt24lA,04:33,04:43,line,https://datavideos.github.io/narration-animation-study/#/clips
220,Why African-Americans left the south in droves — and what's bringing them back,2017,Vox,https://www.youtube.com/watch?v=VCdTyl141bA,05:22,05:31,line,https://datavideos.github.io/narration-animation-study/#/clips
221,How American CEOs got so rich,2019,Vox,https://www.youtube.com/watch?v=ylLTMYt24lA,04:59,05:15,line,https://datavideos.github.io/narration-animation-study/#/clips
222,How American CEOs got so rich,2019,Vox,https://www.youtube.com/watch?v=ylLTMYt24lA,09:29,09:51,line,https://datavideos.github.io/narration-animation-study/#/clips
223,How wealth inequality is dangerous for America,2014,Vox,https://www.youtube.com/watch?v=6Xa9T2OMzmw,00:21,00:25,line,https://datavideos.github.io/narration-animation-study/#/clips
224,How wealth inequality is dangerous for America,2014,Vox,https://www.youtube.com/watch?v=6Xa9T2OMzmw,00:43,00:46,line,https://datavideos.github.io/narration-animation-study/#/clips
225,Why are houses so expensive?,2020,The Guardian,https://www.youtube.com/watch?v=vhAXp0xzMFg,04:08,04:21,line,https://datavideos.github.io/narration-animation-study/#/clips
226,How wealth inequality is dangerous for America,2014,Vox,https://www.youtube.com/watch?v=6Xa9T2OMzmw,01:42,01:48,line,https://datavideos.github.io/narration-animation-study/#/clips
227,"The Electoral College, explained",2020,Vox,https://www.youtube.com/watch?v=ajavsMbCapY,00:54,01:03,line,https://datavideos.github.io/narration-animation-study/#/clips
228,Why African-Americans left the south in droves — and what's bringing them back,2017,Vox,https://www.youtube.com/watch?v=VCdTyl141bA,00:13,00:17,line,https://datavideos.github.io/narration-animation-study/#/clips
229,Why African-Americans left the south in droves — and what's bringing them back,2017,Vox,https://www.youtube.com/watch?v=VCdTyl141bA,00:25,00:31,line,https://datavideos.github.io/narration-animation-study/#/clips
230,Not Everyone Should Code,2018,PolyMatter,https://www.youtube.com/watch?v=EFwa5Owp0-k,06:09,06:11,line,https://datavideos.github.io/narration-animation-study/#/clips
231,The gun solution we're not talking about,2019,Vox,https://www.youtube.com/watch?v=ENw2y0ek1Jg,05:17,05:43,line,https://datavideos.github.io/narration-animation-study/#/clips
232,The problem with America's college entrance exam,2019,Vox,https://www.youtube.com/watch?v=WjVVwMGJ9S8,03:25,03:29,line,https://datavideos.github.io/narration-animation-study/#/clips
233,Not Everyone Should Code,2018,PolyMatter,https://www.youtube.com/watch?v=EFwa5Owp0-k,02:25,02:31,line,https://datavideos.github.io/narration-animation-study/#/clips
234,Not Everyone Should Code,2018,PolyMatter,https://www.youtube.com/watch?v=EFwa5Owp0-k,06:23,06:30,line,https://datavideos.github.io/narration-animation-study/#/clips
235,Why are houses so expensive?,2020,The Guardian,https://www.youtube.com/watch?v=vhAXp0xzMFg,05:28,05:38,line,https://datavideos.github.io/narration-animation-study/#/clips
236,How Somalia’s Pirates Make Money,2019,PolyMatter,https://www.youtube.com/watch?v=dZh0B8AYxac,03:39,03:47,map,https://datavideos.github.io/narration-animation-study/#/clips
237,How Somalia’s Pirates Make Money,2019,PolyMatter,https://www.youtube.com/watch?v=dZh0B8AYxac,02:33,02:51,map,https://datavideos.github.io/narration-animation-study/#/clips
238,Why Israel is a Tech Capital of the World,2019,PolyMatter,https://www.youtube.com/watch?v=RuPx61911Oo,07:55,08:09,map,https://datavideos.github.io/narration-animation-study/#/clips
239,Why In-N-Out Isn't Coming to a City Near You,2019,PolyMatter,https://www.youtube.com/watch?v=xfQBkdLa6fo,09:03,09:06,map,https://datavideos.github.io/narration-animation-study/#/clips
240,Milk. White Poison or Healthy Drink?,2020,Kurzgesagt – In a Nutshell,https://www.youtube.com/watch?v=oakWgLqCwUc,02:06,02:22,map,https://datavideos.github.io/narration-animation-study/#/clips
241,The Economics of K-Pop,2019,PolyMatter,https://www.youtube.com/watch?v=-bbfFf07WNw,02:34,03:13,map,https://datavideos.github.io/narration-animation-study/#/clips
242,Dubai's Plan to Outlive Oil,2018,PolyMatter,https://www.youtube.com/watch?v=-dsM8zPGqa0,04:54,05:07,map,https://datavideos.github.io/narration-animation-study/#/clips
243,The Economics of K-Pop,2019,PolyMatter,https://www.youtube.com/watch?v=-bbfFf07WNw,02:01,02:12,map,https://datavideos.github.io/narration-animation-study/#/clips
244,Dubai's Plan to Outlive Oil,2018,PolyMatter,https://www.youtube.com/watch?v=-dsM8zPGqa0,03:06,04:20,map,https://datavideos.github.io/narration-animation-study/#/clips
245,Dubai's Plan to Outlive Oil,2018,PolyMatter,https://www.youtube.com/watch?v=-dsM8zPGqa0,02:39,02:52,map,https://datavideos.github.io/narration-animation-study/#/clips
246,Is War Over? — A Paradox Explained,2014,Kurzgesagt – In a Nutshell,https://www.youtube.com/watch?v=NbuUW9i-mHs,01:43,01:57,map,https://datavideos.github.io/narration-animation-study/#/clips
247,Why the $5 Footlong Failed: How Franchising Works,2019,PolyMatter,https://www.youtube.com/watch?v=1rb3bMvDdX4,06:52,07:15,map,https://datavideos.github.io/narration-animation-study/#/clips
248,Is War Over? — A Paradox Explained,2014,Kurzgesagt – In a Nutshell,https://www.youtube.com/watch?v=NbuUW9i-mHs,00:34,00:52,map,https://datavideos.github.io/narration-animation-study/#/clips
249,Why the $5 Footlong Failed: How Franchising Works,2019,PolyMatter,https://www.youtube.com/watch?v=1rb3bMvDdX4,03:22,03:37,map,https://datavideos.github.io/narration-animation-study/#/clips
250,"Iraq Explained -- ISIS, Syria and War",2014,Kurzgesagt – In a Nutshell,https://www.youtube.com/watch?v=AQPlREDW-Ro,00:50,00:52,map,https://datavideos.github.io/narration-animation-study/#/clips
251,Why In-N-Out Isn't Coming to a City Near You,2019,PolyMatter,https://www.youtube.com/watch?v=xfQBkdLa6fo,09:12,09:23,map,https://datavideos.github.io/narration-animation-study/#/clips
252,Why the $5 Footlong Failed: How Franchising Works,2019,PolyMatter,https://www.youtube.com/watch?v=1rb3bMvDdX4,01:16,01:20,map,https://datavideos.github.io/narration-animation-study/#/clips
253,How Somalia’s Pirates Make Money,2019,PolyMatter,https://www.youtube.com/watch?v=dZh0B8AYxac,01:02,01:07,map,https://datavideos.github.io/narration-animation-study/#/clips
254,Why the $5 Footlong Failed: How Franchising Works,2019,PolyMatter,https://www.youtube.com/watch?v=1rb3bMvDdX4,00:37,00:41,map,https://datavideos.github.io/narration-animation-study/#/clips
255,Why In-N-Out Isn't Coming to a City Near You,2019,PolyMatter,https://www.youtube.com/watch?v=xfQBkdLa6fo,09:28,09:32,map,https://datavideos.github.io/narration-animation-study/#/clips
256,How IKEA Became Sweden’s National Brand,2020,PolyMatter,https://www.youtube.com/watch?v=AABqfDIbXSI,05:32,05:52,map,https://datavideos.github.io/narration-animation-study/#/clips
257,Is War Over? — A Paradox Explained,2014,Kurzgesagt – In a Nutshell,https://www.youtube.com/watch?v=NbuUW9i-mHs,05:17,05:18,map,https://datavideos.github.io/narration-animation-study/#/clips
258,How Somalia’s Pirates Make Money,2019,PolyMatter,https://www.youtube.com/watch?v=dZh0B8AYxac,01:44,02:00,map,https://datavideos.github.io/narration-animation-study/#/clips
259,Dubai's Plan to Outlive Oil,2018,PolyMatter,https://www.youtube.com/watch?v=-dsM8zPGqa0,00:07,00:26,map,https://datavideos.github.io/narration-animation-study/#/clips
260,The Economics of K-Pop,2019,PolyMatter,https://www.youtube.com/watch?v=-bbfFf07WNw,06:32,06:53,map,https://datavideos.github.io/narration-animation-study/#/clips
261,Why African-Americans left the south in droves — and what's bringing them back,2017,Vox,https://www.youtube.com/watch?v=VCdTyl141bA,03:35,03:44,map,https://datavideos.github.io/narration-animation-study/#/clips
262,Dubai's Plan to Outlive Oil,2018,PolyMatter,https://www.youtube.com/watch?v=-dsM8zPGqa0,06:26,07:00,map,https://datavideos.github.io/narration-animation-study/#/clips
263,This is The Hardest Language In The World,2018,The Infographics Show,https://www.youtube.com/watch?v=EsekToq3xx4,03:22,03:25,map,https://datavideos.github.io/narration-animation-study/#/clips
264,This is The Hardest Language In The World,2018,The Infographics Show,https://www.youtube.com/watch?v=EsekToq3xx4,03:33,03:35,map,https://datavideos.github.io/narration-animation-study/#/clips
265,This is The Hardest Language In The World,2018,The Infographics Show,https://www.youtube.com/watch?v=EsekToq3xx4,03:42,03:51,map,https://datavideos.github.io/narration-animation-study/#/clips
266,This is The Hardest Language In The World,2018,The Infographics Show,https://www.youtube.com/watch?v=EsekToq3xx4,03:53,03:56,map,https://datavideos.github.io/narration-animation-study/#/clips
267,This is The Hardest Language In The World,2018,The Infographics Show,https://www.youtube.com/watch?v=EsekToq3xx4,04:04,04:06,map,https://datavideos.github.io/narration-animation-study/#/clips
268,This is The Hardest Language In The World,2018,The Infographics Show,https://www.youtube.com/watch?v=EsekToq3xx4,04:14,04:17,map,https://datavideos.github.io/narration-animation-study/#/clips
269,This is The Hardest Language In The World,2018,The Infographics Show,https://www.youtube.com/watch?v=EsekToq3xx4,04:24,04:27,map,https://datavideos.github.io/narration-animation-study/#/clips
270,This is The Hardest Language In The World,2018,The Infographics Show,https://www.youtube.com/watch?v=EsekToq3xx4,04:40,04:43,map,https://datavideos.github.io/narration-animation-study/#/clips
271,This is The Hardest Language In The World,2018,The Infographics Show,https://www.youtube.com/watch?v=EsekToq3xx4,04:54,04:57,map,https://datavideos.github.io/narration-animation-study/#/clips
272,This is The Hardest Language In The World,2018,The Infographics Show,https://www.youtube.com/watch?v=EsekToq3xx4,03:09,03:20,map,https://datavideos.github.io/narration-animation-study/#/clips
273,This is The Hardest Language In The World,2018,The Infographics Show,https://www.youtube.com/watch?v=EsekToq3xx4,05:12,05:28,map,https://datavideos.github.io/narration-animation-study/#/clips
274,Why scientists are so worried about this glacier,2020,Vox,https://www.youtube.com/watch?v=XRUxTFWWWdY,01:56,02:17,map,https://datavideos.github.io/narration-animation-study/#/clips
275,Why scientists are so worried about this glacier,2020,Vox,https://www.youtube.com/watch?v=XRUxTFWWWdY,01:51,01:55,map,https://datavideos.github.io/narration-animation-study/#/clips
276,Why scientists are so worried about this glacier,2020,Vox,https://www.youtube.com/watch?v=XRUxTFWWWdY,00:48,00:49,map,https://datavideos.github.io/narration-animation-study/#/clips
277,Why scientists are so worried about this glacier,2020,Vox,https://www.youtube.com/watch?v=XRUxTFWWWdY,00:27,00:34,map,https://datavideos.github.io/narration-animation-study/#/clips
278,What Would Happen If the World Suddenly Became Vegetarian?,2017,The Infographics Show,https://www.youtube.com/watch?v=2pPwwU1N9hM,00:15,00:21,map,https://datavideos.github.io/narration-animation-study/#/clips
279,Is Solar Energy Really Better Than Nuclear Energy?,2017,The Infographics Show,https://www.youtube.com/watch?v=Z6rilA4uTlQ,02:02,02:09,map,https://datavideos.github.io/narration-animation-study/#/clips
280,Why scientists are so worried about this glacier,2020,Vox,https://www.youtube.com/watch?v=XRUxTFWWWdY,00:10,00:19,map,https://datavideos.github.io/narration-animation-study/#/clips
281,Why scientists are so worried about this glacier,2020,Vox,https://www.youtube.com/watch?v=XRUxTFWWWdY,00:00,00:09,map,https://datavideos.github.io/narration-animation-study/#/clips
282,Weed: 12 Interesting Facts You Should Know,2015,The Infographics Show,https://www.youtube.com/watch?v=HrWVVCuMbdg,00:46,00:49,map,https://datavideos.github.io/narration-animation-study/#/clips
283,Why scientists are so worried about this glacier,2020,Vox,https://www.youtube.com/watch?v=XRUxTFWWWdY,04:23,04:25,map,https://datavideos.github.io/narration-animation-study/#/clips
284,Dubai's Plan to Outlive Oil,2018,PolyMatter,https://www.youtube.com/watch?v=-dsM8zPGqa0,05:51,06:25,map,https://datavideos.github.io/narration-animation-study/#/clips
285,This is The Hardest Language In The World,2018,The Infographics Show,https://www.youtube.com/watch?v=EsekToq3xx4,02:52,02:57,map,https://datavideos.github.io/narration-animation-study/#/clips
286,This is The Hardest Language In The World,2018,The Infographics Show,https://www.youtube.com/watch?v=EsekToq3xx4,02:26,02:38,map,https://datavideos.github.io/narration-animation-study/#/clips
287,Why In-N-Out Isn't Coming to a City Near You,2019,PolyMatter,https://www.youtube.com/watch?v=xfQBkdLa6fo,08:28,08:51,map,https://datavideos.github.io/narration-animation-study/#/clips
288,The Most Overvalued Startup in the World?,2019,PolyMatter,https://www.youtube.com/watch?v=DwAyUV6hTf8,01:06,01:12,map,https://datavideos.github.io/narration-animation-study/#/clips
289,Why In-N-Out Isn't Coming to a City Near You,2019,PolyMatter,https://www.youtube.com/watch?v=xfQBkdLa6fo,07:05,07:13,map,https://datavideos.github.io/narration-animation-study/#/clips
290,The Most Overvalued Startup in the World?,2019,PolyMatter,https://www.youtube.com/watch?v=DwAyUV6hTf8,02:51,03:07,map,https://datavideos.github.io/narration-animation-study/#/clips
291,Why In-N-Out Isn't Coming to a City Near You,2019,PolyMatter,https://www.youtube.com/watch?v=xfQBkdLa6fo,06:35,06:55,map,https://datavideos.github.io/narration-animation-study/#/clips
292,Why In-N-Out Isn't Coming to a City Near You,2019,PolyMatter,https://www.youtube.com/watch?v=xfQBkdLa6fo,02:51,03:02,map,https://datavideos.github.io/narration-animation-study/#/clips
293,The Economics of Uber,2018,PolyMatter,https://www.youtube.com/watch?v=jzFTwBkIC5o,00:14,00:23,map,https://datavideos.github.io/narration-animation-study/#/clips
294,"Iraq Explained -- ISIS, Syria and War",2014,Kurzgesagt – In a Nutshell,https://www.youtube.com/watch?v=AQPlREDW-Ro,01:05,01:13,map,https://datavideos.github.io/narration-animation-study/#/clips
295,The Economics of Uber,2018,PolyMatter,https://www.youtube.com/watch?v=jzFTwBkIC5o,07:48,07:53,map,https://datavideos.github.io/narration-animation-study/#/clips
296,This is The Hardest Language In The World,2018,The Infographics Show,https://www.youtube.com/watch?v=EsekToq3xx4,02:41,02:44,map,https://datavideos.github.io/narration-animation-study/#/clips
297,How to Save the Online Economy,2018,PolyMatter,https://www.youtube.com/watch?v=w8Il1y1hTFc,01:04,01:15,map,https://datavideos.github.io/narration-animation-study/#/clips
298,Why scientists are so worried about this glacier,2020,Vox,https://www.youtube.com/watch?v=XRUxTFWWWdY,04:29,04:37,map,https://datavideos.github.io/narration-animation-study/#/clips
299,Why scientists are so worried about this glacier,2020,Vox,https://www.youtube.com/watch?v=XRUxTFWWWdY,04:26,04:29,map,https://datavideos.github.io/narration-animation-study/#/clips
300,The End of the SAT?,2020,PolyMatter,https://www.youtube.com/watch?v=cKQLKf3dS1Y,01:21,01:36,map,https://datavideos.github.io/narration-animation-study/#/clips
301,This is The Hardest Language In The World,2018,The Infographics Show,https://www.youtube.com/watch?v=EsekToq3xx4,00:46,00:51,map,https://datavideos.github.io/narration-animation-study/#/clips
302,This is The Hardest Language In The World,2018,The Infographics Show,https://www.youtube.com/watch?v=EsekToq3xx4,01:02,01:04,map,https://datavideos.github.io/narration-animation-study/#/clips
303,This is The Hardest Language In The World,2018,The Infographics Show,https://www.youtube.com/watch?v=EsekToq3xx4,01:16,01:31,map,https://datavideos.github.io/narration-animation-study/#/clips
304,This is The Hardest Language In The World,2018,The Infographics Show,https://www.youtube.com/watch?v=EsekToq3xx4,01:34,01:48,map,https://datavideos.github.io/narration-animation-study/#/clips
305,This is The Hardest Language In The World,2018,The Infographics Show,https://www.youtube.com/watch?v=EsekToq3xx4,01:51,01:54,map,https://datavideos.github.io/narration-animation-study/#/clips
306,This is The Hardest Language In The World,2018,The Infographics Show,https://www.youtube.com/watch?v=EsekToq3xx4,02:10,02:24,map,https://datavideos.github.io/narration-animation-study/#/clips
307,Why In-N-Out Isn't Coming to a City Near You,2019,PolyMatter,https://www.youtube.com/watch?v=xfQBkdLa6fo,00:17,00:35,map,https://datavideos.github.io/narration-animation-study/#/clips
308,"Iraq Explained -- ISIS, Syria and War",2014,Kurzgesagt – In a Nutshell,https://www.youtube.com/watch?v=AQPlREDW-Ro,01:44,01:48,map,https://datavideos.github.io/narration-animation-study/#/clips
309,Why Israel is a Tech Capital of the World,2019,PolyMatter,https://www.youtube.com/watch?v=RuPx61911Oo,03:14,03:25,map,https://datavideos.github.io/narration-animation-study/#/clips
310,"Iraq Explained -- ISIS, Syria and War",2014,Kurzgesagt – In a Nutshell,https://www.youtube.com/watch?v=AQPlREDW-Ro,03:40,03:55,map,https://datavideos.github.io/narration-animation-study/#/clips
311,Scottish independence referendum 2014 explained | Guardian Animations,2014,The Guardian,https://www.youtube.com/watch?v=zIeVmqVB9pQ,01:19,01:23,map,https://datavideos.github.io/narration-animation-study/#/clips
312,Scottish independence referendum 2014 explained | Guardian Animations,2014,The Guardian,https://www.youtube.com/watch?v=zIeVmqVB9pQ,00:58,01:06,map,https://datavideos.github.io/narration-animation-study/#/clips
313,Why American public transit is so bad | 2020 Election,2020,Vox,https://www.youtube.com/watch?v=-ZDZtBRTyeI,01:03,01:04,map,https://datavideos.github.io/narration-animation-study/#/clips
314,Scottish independence referendum 2014 explained | Guardian Animations,2014,The Guardian,https://www.youtube.com/watch?v=zIeVmqVB9pQ,00:08,00:20,map,https://datavideos.github.io/narration-animation-study/#/clips
315,Should we abolish private schools?,2019,The Guardian,https://www.youtube.com/watch?v=pN36jVSp1x0,04:44,04:54,map,https://datavideos.github.io/narration-animation-study/#/clips
316,"The Electoral College, explained",2020,Vox,https://www.youtube.com/watch?v=ajavsMbCapY,02:31,02:36,map,https://datavideos.github.io/narration-animation-study/#/clips
317,"The Electoral College, explained",2020,Vox,https://www.youtube.com/watch?v=ajavsMbCapY,03:42,03:57,map,https://datavideos.github.io/narration-animation-study/#/clips
318,"The Electoral College, explained",2020,Vox,https://www.youtube.com/watch?v=ajavsMbCapY,04:12,04:23,map,https://datavideos.github.io/narration-animation-study/#/clips
319,"The Electoral College, explained",2020,Vox,https://www.youtube.com/watch?v=ajavsMbCapY,04:30,04:36,map,https://datavideos.github.io/narration-animation-study/#/clips
320,Overpopulation & Africa,2019,Kurzgesagt – In a Nutshell,https://www.youtube.com/watch?v=NMo3nZHVrZ4,00:38,00:39,map,https://datavideos.github.io/narration-animation-study/#/clips
321,The gun solution we're not talking about,2019,Vox,https://www.youtube.com/watch?v=ENw2y0ek1Jg,03:34,03:43,map,https://datavideos.github.io/narration-animation-study/#/clips
322,Overpopulation & Africa,2019,Kurzgesagt – In a Nutshell,https://www.youtube.com/watch?v=NMo3nZHVrZ4,01:22,01:28,map,https://datavideos.github.io/narration-animation-study/#/clips
323,"Iraq Explained -- ISIS, Syria and War",2014,Kurzgesagt – In a Nutshell,https://www.youtube.com/watch?v=AQPlREDW-Ro,02:33,02:46,map,https://datavideos.github.io/narration-animation-study/#/clips
324,How Ukip normalised far-right politics,2019,The Guardian,https://www.youtube.com/watch?v=DCnd8KA-iPk,00:20,00:26,map,https://datavideos.github.io/narration-animation-study/#/clips
325,How Ukip normalised far-right politics,2019,The Guardian,https://www.youtube.com/watch?v=DCnd8KA-iPk,00:00,00:08,map,https://datavideos.github.io/narration-animation-study/#/clips
326,Overpopulation & Africa,2019,Kurzgesagt – In a Nutshell,https://www.youtube.com/watch?v=NMo3nZHVrZ4,02:02,02:06,map,https://datavideos.github.io/narration-animation-study/#/clips
327,The Coronavirus Explained & What You Should Do,2020,Kurzgesagt – In a Nutshell,https://www.youtube.com/watch?v=BtN-goy9VOY,07:17,07:24,map,https://datavideos.github.io/narration-animation-study/#/clips
328,Why American public transit is so bad | 2020 Election,2020,Vox,https://www.youtube.com/watch?v=-ZDZtBRTyeI,05:09,05:14,map,https://datavideos.github.io/narration-animation-study/#/clips
329,Why American public transit is so bad | 2020 Election,2020,Vox,https://www.youtube.com/watch?v=-ZDZtBRTyeI,04:58,05:08,map,https://datavideos.github.io/narration-animation-study/#/clips
330,Why American public transit is so bad | 2020 Election,2020,Vox,https://www.youtube.com/watch?v=-ZDZtBRTyeI,04:41,04:44,map,https://datavideos.github.io/narration-animation-study/#/clips
331,Why American public transit is so bad | 2020 Election,2020,Vox,https://www.youtube.com/watch?v=-ZDZtBRTyeI,04:36,04:41,map,https://datavideos.github.io/narration-animation-study/#/clips
332,The Coronavirus Explained & What You Should Do,2020,Kurzgesagt – In a Nutshell,https://www.youtube.com/watch?v=BtN-goy9VOY,03:51,03:55,map,https://datavideos.github.io/narration-animation-study/#/clips
333,"The Electoral College, explained",2020,Vox,https://www.youtube.com/watch?v=ajavsMbCapY,07:21,07:25,map,https://datavideos.github.io/narration-animation-study/#/clips
334,"The Electoral College, explained",2020,Vox,https://www.youtube.com/watch?v=ajavsMbCapY,07:38,07:45,map,https://datavideos.github.io/narration-animation-study/#/clips
335,The Coronavirus Explained & What You Should Do,2020,Kurzgesagt – In a Nutshell,https://www.youtube.com/watch?v=BtN-goy9VOY,00:07,00:11,map,https://datavideos.github.io/narration-animation-study/#/clips
336,Overpopulation & Africa,2019,Kurzgesagt – In a Nutshell,https://www.youtube.com/watch?v=NMo3nZHVrZ4,04:04,04:07,map,https://datavideos.github.io/narration-animation-study/#/clips
337,Why American public transit is so bad | 2020 Election,2020,Vox,https://www.youtube.com/watch?v=-ZDZtBRTyeI,00:01,00:22,map,https://datavideos.github.io/narration-animation-study/#/clips
338,Why American public transit is so bad | 2020 Election,2020,Vox,https://www.youtube.com/watch?v=-ZDZtBRTyeI,01:07,01:10,map,https://datavideos.github.io/narration-animation-study/#/clips
339,Why American public transit is so bad | 2020 Election,2020,Vox,https://www.youtube.com/watch?v=-ZDZtBRTyeI,01:05,01:06,map,https://datavideos.github.io/narration-animation-study/#/clips
340,Scottish independence referendum 2014 explained | Guardian Animations,2014,The Guardian,https://www.youtube.com/watch?v=zIeVmqVB9pQ,01:26,01:30,map,https://datavideos.github.io/narration-animation-study/#/clips
341,Scottish independence referendum 2014 explained | Guardian Animations,2014,The Guardian,https://www.youtube.com/watch?v=zIeVmqVB9pQ,01:31,01:42,map,https://datavideos.github.io/narration-animation-study/#/clips
342,Scottish independence referendum 2014 explained | Guardian Animations,2014,The Guardian,https://www.youtube.com/watch?v=zIeVmqVB9pQ,00:28,00:54,map,https://datavideos.github.io/narration-animation-study/#/clips
343,Why American public transit is so bad | 2020 Election,2020,Vox,https://www.youtube.com/watch?v=-ZDZtBRTyeI,00:27,00:58,map,https://datavideos.github.io/narration-animation-study/#/clips
344,Why African-Americans left the south in droves — and what's bringing them back,2017,Vox,https://www.youtube.com/watch?v=VCdTyl141bA,01:25,01:30,map,https://datavideos.github.io/narration-animation-study/#/clips
345,Why African-Americans left the south in droves — and what's bringing them back,2017,Vox,https://www.youtube.com/watch?v=VCdTyl141bA,01:51,02:04,map,https://datavideos.github.io/narration-animation-study/#/clips
346,Why African-Americans left the south in droves — and what's bringing them back,2017,Vox,https://www.youtube.com/watch?v=VCdTyl141bA,06:02,06:11,map,https://datavideos.github.io/narration-animation-study/#/clips
347,Isis airstrikes: How oil and extortion fund the Islamic State | Guardian Explainers,2014,The Guardian,https://www.youtube.com/watch?v=gIxRSz0f6_I,00:38,00:44,map,https://datavideos.github.io/narration-animation-study/#/clips
348,Isis airstrikes: How oil and extortion fund the Islamic State | Guardian Explainers,2014,The Guardian,https://www.youtube.com/watch?v=gIxRSz0f6_I,00:29,00:33,map,https://datavideos.github.io/narration-animation-study/#/clips
349,Why parking your car is too cheap,2018,The Guardian,https://www.youtube.com/watch?v=V1hg20SngXo,05:24,05:31,map,https://datavideos.github.io/narration-animation-study/#/clips
350,Why African-Americans left the south in droves — and what's bringing them back,2017,Vox,https://www.youtube.com/watch?v=VCdTyl141bA,05:16,05:21,map,https://datavideos.github.io/narration-animation-study/#/clips
351,Why parking your car is too cheap,2018,The Guardian,https://www.youtube.com/watch?v=V1hg20SngXo,05:18,05:20,map,https://datavideos.github.io/narration-animation-study/#/clips
352,Why parking your car is too cheap,2018,The Guardian,https://www.youtube.com/watch?v=V1hg20SngXo,05:04,05:12,map,https://datavideos.github.io/narration-animation-study/#/clips
353,Why Israel is a Tech Capital of the World,2019,PolyMatter,https://www.youtube.com/watch?v=RuPx61911Oo,00:27,00:30,map,https://datavideos.github.io/narration-animation-study/#/clips
354,Why Israel is a Tech Capital of the World,2019,PolyMatter,https://www.youtube.com/watch?v=RuPx61911Oo,01:06,01:14,map,https://datavideos.github.io/narration-animation-study/#/clips
355,Why African-Americans left the south in droves — and what's bringing them back,2017,Vox,https://www.youtube.com/watch?v=VCdTyl141bA,01:14,01:21,map,https://datavideos.github.io/narration-animation-study/#/clips
356,Why parking your car is too cheap,2018,The Guardian,https://www.youtube.com/watch?v=V1hg20SngXo,02:13,02:23,map,https://datavideos.github.io/narration-animation-study/#/clips
357,Why Israel is a Tech Capital of the World,2019,PolyMatter,https://www.youtube.com/watch?v=RuPx61911Oo,02:31,02:34,map,https://datavideos.github.io/narration-animation-study/#/clips
358,Why African-Americans left the south in droves — and what's bringing them back,2017,Vox,https://www.youtube.com/watch?v=VCdTyl141bA,04:31,04:41,map,https://datavideos.github.io/narration-animation-study/#/clips
359,Why African-Americans left the south in droves — and what's bringing them back,2017,Vox,https://www.youtube.com/watch?v=VCdTyl141bA,03:16,03:30,map,https://datavideos.github.io/narration-animation-study/#/clips
360,Why parking your car is too cheap,2018,The Guardian,https://www.youtube.com/watch?v=V1hg20SngXo,01:09,01:20,map,https://datavideos.github.io/narration-animation-study/#/clips
361,Why parking your car is too cheap,2018,The Guardian,https://www.youtube.com/watch?v=V1hg20SngXo,00:27,00:50,map,https://datavideos.github.io/narration-animation-study/#/clips
362,Should you eat chlorinated chicken after Brexit?,2019,The Guardian,https://www.youtube.com/watch?v=HLIwTF_p71g,03:32,03:44,map,https://datavideos.github.io/narration-animation-study/#/clips
363,Scottish independence referendum 2014 explained | Guardian Animations,2014,The Guardian,https://www.youtube.com/watch?v=zIeVmqVB9pQ,04:32,04:46,map,https://datavideos.github.io/narration-animation-study/#/clips
364,Scottish independence referendum 2014 explained | Guardian Animations,2014,The Guardian,https://www.youtube.com/watch?v=zIeVmqVB9pQ,02:09,02:37,map,https://datavideos.github.io/narration-animation-study/#/clips
365,Why African-Americans left the south in droves — and what's bringing them back,2017,Vox,https://www.youtube.com/watch?v=VCdTyl141bA,03:01,03:11,map,https://datavideos.github.io/narration-animation-study/#/clips
366,Why Israel is a Tech Capital of the World,2019,PolyMatter,https://www.youtube.com/watch?v=RuPx61911Oo,01:34,01:37,pictograph,https://datavideos.github.io/narration-animation-study/#/clips
367,The Rise of the Machines – Why Automation is Different this Time,2017,Kurzgesagt – In a Nutshell,https://www.youtube.com/watch?v=WSKi8HfcxEk,03:19,03:33,pictograph,https://datavideos.github.io/narration-animation-study/#/clips
368,The Rise of the Machines – Why Automation is Different this Time,2017,Kurzgesagt – In a Nutshell,https://www.youtube.com/watch?v=WSKi8HfcxEk,02:01,02:14,pictograph,https://datavideos.github.io/narration-animation-study/#/clips
369,Why are houses so expensive?,2020,The Guardian,https://www.youtube.com/watch?v=vhAXp0xzMFg,04:04,04:07,pictograph,https://datavideos.github.io/narration-animation-study/#/clips
370,Should you wear a bike helmet?,2018,The Guardian,https://www.youtube.com/watch?v=RWhMEkMtLy0,02:01,02:06,pictograph,https://datavideos.github.io/narration-animation-study/#/clips
371,Why the $5 Footlong Failed: How Franchising Works,2019,PolyMatter,https://www.youtube.com/watch?v=1rb3bMvDdX4,07:38,07:43,pictograph,https://datavideos.github.io/narration-animation-study/#/clips
372,"The Electoral College, explained",2020,Vox,https://www.youtube.com/watch?v=ajavsMbCapY,04:59,05:04,pictograph,https://datavideos.github.io/narration-animation-study/#/clips
373,How wealth inequality is dangerous for America,2014,Vox,https://www.youtube.com/watch?v=6Xa9T2OMzmw,00:31,00:40,pictograph,https://datavideos.github.io/narration-animation-study/#/clips
374,"The Electoral College, explained",2020,Vox,https://www.youtube.com/watch?v=ajavsMbCapY,01:13,01:23,pictograph,https://datavideos.github.io/narration-animation-study/#/clips
375,"The Electoral College, explained",2020,Vox,https://www.youtube.com/watch?v=ajavsMbCapY,01:30,01:56,pictograph,https://datavideos.github.io/narration-animation-study/#/clips
376,The problem with America's college entrance exam,2019,Vox,https://www.youtube.com/watch?v=WjVVwMGJ9S8,04:43,05:09,pictograph,https://datavideos.github.io/narration-animation-study/#/clips
377,"Do cyclists think they're above the law, and does it even matter?",2019,The Guardian,https://www.youtube.com/watch?v=DBP2LTQxqZ8,05:00,05:09,pictograph,https://datavideos.github.io/narration-animation-study/#/clips
378,The problem with America's college entrance exam,2019,Vox,https://www.youtube.com/watch?v=WjVVwMGJ9S8,03:53,04:11,pictograph,https://datavideos.github.io/narration-animation-study/#/clips
379,Why are houses so expensive?,2020,The Guardian,https://www.youtube.com/watch?v=vhAXp0xzMFg,02:02,02:17,pictograph,https://datavideos.github.io/narration-animation-study/#/clips
380,"Do cyclists think they're above the law, and does it even matter?",2019,The Guardian,https://www.youtube.com/watch?v=DBP2LTQxqZ8,02:34,02:45,pictograph,https://datavideos.github.io/narration-animation-study/#/clips
381,Should we abolish private schools?,2019,The Guardian,https://www.youtube.com/watch?v=pN36jVSp1x0,00:38,00:48,pictograph,https://datavideos.github.io/narration-animation-study/#/clips
382,Why the $5 Footlong Failed: How Franchising Works,2019,PolyMatter,https://www.youtube.com/watch?v=1rb3bMvDdX4,06:15,06:21,pictograph,https://datavideos.github.io/narration-animation-study/#/clips
383,The Economics of Uber,2018,PolyMatter,https://www.youtube.com/watch?v=jzFTwBkIC5o,02:16,02:31,pictograph,https://datavideos.github.io/narration-animation-study/#/clips
384,Why are houses so expensive?,2020,The Guardian,https://www.youtube.com/watch?v=vhAXp0xzMFg,00:34,00:43,pictograph,https://datavideos.github.io/narration-animation-study/#/clips
385,Why are houses so expensive?,2020,The Guardian,https://www.youtube.com/watch?v=vhAXp0xzMFg,01:52,02:01,pictograph,https://datavideos.github.io/narration-animation-study/#/clips
386,"The Electoral College, explained",2020,Vox,https://www.youtube.com/watch?v=ajavsMbCapY,02:18,02:26,pictograph,https://datavideos.github.io/narration-animation-study/#/clips
387,How Ukip normalised far-right politics,2019,The Guardian,https://www.youtube.com/watch?v=DCnd8KA-iPk,06:12,06:15,pictograph,https://datavideos.github.io/narration-animation-study/#/clips
388,How wealth inequality is dangerous for America,2014,Vox,https://www.youtube.com/watch?v=6Xa9T2OMzmw,00:26,00:30,pie,https://datavideos.github.io/narration-animation-study/#/clips
389,The Economics of Uber,2018,PolyMatter,https://www.youtube.com/watch?v=jzFTwBkIC5o,04:20,04:37,pie,https://datavideos.github.io/narration-animation-study/#/clips
390,Why American public transit is so bad | 2020 Election,2020,Vox,https://www.youtube.com/watch?v=-ZDZtBRTyeI,01:38,01:43,pie,https://datavideos.github.io/narration-animation-study/#/clips
391,How IKEA Became Sweden’s National Brand,2020,PolyMatter,https://www.youtube.com/watch?v=AABqfDIbXSI,04:13,04:21,pie,https://datavideos.github.io/narration-animation-study/#/clips
392,Why American public transit is so bad | 2020 Election,2020,Vox,https://www.youtube.com/watch?v=-ZDZtBRTyeI,01:20,01:27,pie,https://datavideos.github.io/narration-animation-study/#/clips
393,Dubai's Plan to Outlive Oil,2018,PolyMatter,https://www.youtube.com/watch?v=-dsM8zPGqa0,02:26,02:31,pie,https://datavideos.github.io/narration-animation-study/#/clips
394,Dubai's Plan to Outlive Oil,2018,PolyMatter,https://www.youtube.com/watch?v=-dsM8zPGqa0,05:34,05:43,pie,https://datavideos.github.io/narration-animation-study/#/clips
395,The Solar System -- our home in space,2013,Kurzgesagt – In a Nutshell,https://www.youtube.com/watch?v=KsF_hdjWJjo,04:21,04:29,pie,https://datavideos.github.io/narration-animation-study/#/clips
396,Dubai's Plan to Outlive Oil,2018,PolyMatter,https://www.youtube.com/watch?v=-dsM8zPGqa0,07:06,07:21,pie,https://datavideos.github.io/narration-animation-study/#/clips
397,How Ukip normalised far-right politics,2019,The Guardian,https://www.youtube.com/watch?v=DCnd8KA-iPk,07:32,07:36,pie,https://datavideos.github.io/narration-animation-study/#/clips
398,Dubai's Plan to Outlive Oil,2018,PolyMatter,https://www.youtube.com/watch?v=-dsM8zPGqa0,01:00,01:02,pie,https://datavideos.github.io/narration-animation-study/#/clips
399,Why American public transit is so bad | 2020 Election,2020,Vox,https://www.youtube.com/watch?v=-ZDZtBRTyeI,05:57,06:16,pie,https://datavideos.github.io/narration-animation-study/#/clips
400,The End of the SAT?,2020,PolyMatter,https://www.youtube.com/watch?v=cKQLKf3dS1Y,05:33,05:58,pie,https://datavideos.github.io/narration-animation-study/#/clips
401,Why American public transit is so bad | 2020 Election,2020,Vox,https://www.youtube.com/watch?v=-ZDZtBRTyeI,01:52,01:58,pie,https://datavideos.github.io/narration-animation-study/#/clips
402,Why American public transit is so bad | 2020 Election,2020,Vox,https://www.youtube.com/watch?v=-ZDZtBRTyeI,01:44,01:46,pie,https://datavideos.github.io/narration-animation-study/#/clips
403,Should we abolish private schools?,2019,The Guardian,https://www.youtube.com/watch?v=pN36jVSp1x0,00:30,00:37,sankey,https://datavideos.github.io/narration-animation-study/#/clips
404,How Somalia’s Pirates Make Money,2019,PolyMatter,https://www.youtube.com/watch?v=dZh0B8AYxac,05:39,05:51,scatter,https://datavideos.github.io/narration-animation-study/#/clips
405,Everything You Need to Know About Planet Earth,2014,Kurzgesagt – In a Nutshell,https://www.youtube.com/watch?v=JGXi_9A__Vc,06:30,06:40,timeline,https://datavideos.github.io/narration-animation-study/#/clips
406,"Iraq Explained -- ISIS, Syria and War",2014,Kurzgesagt – In a Nutshell,https://www.youtube.com/watch?v=AQPlREDW-Ro,00:53,01:04,timeline,https://datavideos.github.io/narration-animation-study/#/clips
407,Is War Over? — A Paradox Explained,2014,Kurzgesagt – In a Nutshell,https://www.youtube.com/watch?v=NbuUW9i-mHs,02:42,02:43,timeline,https://datavideos.github.io/narration-animation-study/#/clips
408,3 Reasons Why Nuclear Energy Is Awesome! 3/3,2015,Kurzgesagt – In a Nutshell,https://www.youtube.com/watch?v=pVbLlnmxIbY,01:06,01:11,timeline,https://datavideos.github.io/narration-animation-study/#/clips
409,How Ukip normalised far-right politics,2019,The Guardian,https://www.youtube.com/watch?v=DCnd8KA-iPk,00:12,00:20,timeline,https://datavideos.github.io/narration-animation-study/#/clips
410,Everything You Need to Know About Planet Earth,2014,Kurzgesagt – In a Nutshell,https://www.youtube.com/watch?v=JGXi_9A__Vc,00:05,00:11,timeline,https://datavideos.github.io/narration-animation-study/#/clips
411,"The Electoral College, explained",2020,Vox,https://www.youtube.com/watch?v=ajavsMbCapY,05:53,06:17,timeline,https://datavideos.github.io/narration-animation-study/#/clips
412,"The Electoral College, explained",2020,Vox,https://www.youtube.com/watch?v=ajavsMbCapY,05:31,05:45,timeline,https://datavideos.github.io/narration-animation-study/#/clips
413,Should we abolish private schools?,2019,The Guardian,https://www.youtube.com/watch?v=pN36jVSp1x0,01:54,01:57,timeline,https://datavideos.github.io/narration-animation-study/#/clips
414,Should we abolish private schools?,2019,The Guardian,https://www.youtube.com/watch?v=pN36jVSp1x0,01:44,01:50,timeline,https://datavideos.github.io/narration-animation-study/#/clips
415,Should we abolish private schools?,2019,The Guardian,https://www.youtube.com/watch?v=pN36jVSp1x0,01:25,01:40,timeline,https://datavideos.github.io/narration-animation-study/#/clips
416,The Economics of K-Pop,2019,PolyMatter,https://www.youtube.com/watch?v=-bbfFf07WNw,05:40,06:10,timeline,https://datavideos.github.io/narration-animation-study/#/clips
417,3 Reasons Why Nuclear Energy Is Awesome! 3/3,2015,Kurzgesagt – In a Nutshell,https://www.youtube.com/watch?v=pVbLlnmxIbY,01:24,01:30,treemap,https://datavideos.github.io/narration-animation-study/#/clips
418,How Big is the Moon? MM#1,2014,Kurzgesagt – In a Nutshell,https://www.youtube.com/watch?v=Tqt9hZcWhJM,00:10,00:21,treemap,https://datavideos.github.io/narration-animation-study/#/clips
419,3 Reasons Why Nuclear Energy Is Awesome! 3/3,2015,Kurzgesagt – In a Nutshell,https://www.youtube.com/watch?v=pVbLlnmxIbY,00:15,00:23,treemap,https://datavideos.github.io/narration-animation-study/#/clips
420,What is Dark Matter and Dark Energy?,2015,Kurzgesagt – In a Nutshell,https://www.youtube.com/watch?v=QAa2O_8wBUQ,00:08,00:21,treemap,https://datavideos.github.io/narration-animation-study/#/clips
421,Everything You Need to Know About Planet Earth,2014,Kurzgesagt – In a Nutshell,https://www.youtube.com/watch?v=JGXi_9A__Vc,05:17,05:27,treemap,https://datavideos.github.io/narration-animation-study/#/clips
422,Everything You Need to Know About Planet Earth,2014,Kurzgesagt – In a Nutshell,https://www.youtube.com/watch?v=JGXi_9A__Vc,02:17,02:27,treemap,https://datavideos.github.io/narration-animation-study/#/clips
423,Everything You Need to Know About Planet Earth,2014,Kurzgesagt – In a Nutshell,https://www.youtube.com/watch?v=JGXi_9A__Vc,02:08,02:17,treemap,https://datavideos.github.io/narration-animation-study/#/clips
424,Everything You Need to Know About Planet Earth,2014,Kurzgesagt – In a Nutshell,https://www.youtube.com/watch?v=JGXi_9A__Vc,02:02,02:08,treemap,https://datavideos.github.io/narration-animation-study/#/clips
425,Everything You Need to Know About Planet Earth,2014,Kurzgesagt – In a Nutshell,https://www.youtube.com/watch?v=JGXi_9A__Vc,01:57,02:02,treemap,https://datavideos.github.io/narration-animation-study/#/clips
426,3 Reasons Why Nuclear Energy Is Awesome! 3/3,2015,Kurzgesagt – In a Nutshell,https://www.youtube.com/watch?v=pVbLlnmxIbY,01:59,02:01,treemap,https://datavideos.github.io/narration-animation-study/#/clips
427,"200 Countries, 200 Years, 4 Minutes",2010,BBC,https://www.youtube.com/watch?v=jbkSRLYSojo,,,,https://videoexplorer.idvxlab.com/#
428,99% v 1%: the Data Behind the Occupy movement,2011,The Guardian,https://www.youtube.com/watch?v=DxvVZe2fnvI,,,,https://videoexplorer.idvxlab.com/#
429,A Brief History of America and Cuba,2016,Vox,https://www.youtube.com/watch?v=chYBlArm9Ao,,,,https://videoexplorer.idvxlab.com/#
430,AdReaction 2014 - Marketing in the Multiscreen World,2014,Kantar Millward Brown,https://www.youtube.com/watch?v=1GyIoYOLEQ8,,,,https://videoexplorer.idvxlab.com/#
431,Baseball's Mike Trout is a God of War,2018,FiveThirtyEight,https://www.youtube.com/watch?v=0mnm7rqH-L0,,,,https://videoexplorer.idvxlab.com/#
432,Because the World Needs to Know,2008,350.org,https://www.youtube.com/watch?v=s5kg1oOq9tY,,,,https://videoexplorer.idvxlab.com/#
433,China: The Largest Migration in History,2012,The Economist,https://www.youtube.com/watch?v=KNXg-kYk-LU,,,,https://videoexplorer.idvxlab.com/#
434,Corruption is Legal in America,2015,RepresentUS,https://www.youtube.com/watch?v=5tu32CCA_Ig,,,,https://videoexplorer.idvxlab.com/#
435,Does the American Economy Do Better Under the Democrats or Republicans?,2014,The Economist,https://www.youtube.com/watch?v=CtKC2_xiAps,,,,https://videoexplorer.idvxlab.com/#
436,Does this Line Predict America's Next Recession?,2019,The Economist,https://www.youtube.com/watch?v=oW4hfaiXKG8,,,,https://videoexplorer.idvxlab.com/#
437,Donald Trump's $20 Trillion Problem,2017,Visual Capitalist,https://www.youtube.com/watch?v=tgpfswDHA_Y,,,,https://videoexplorer.idvxlab.com/#
438,Drug Use: 20 Things You Might Not Know,2012,The Guardian,https://www.youtube.com/watch?v=dHyDviIkHB4&t=25s,,,,https://videoexplorer.idvxlab.com/#
439,Earthquake Magnitude Power Comparison,2017,Reigarw Comparisons,https://www.youtube.com/watch?v=DWFxIgv3Jc0,,,,https://videoexplorer.idvxlab.com/#
440,Electric Cars Could Wreak Havoc on Oil Markets Within a Decade,2016,Bloomberg Quicktake,https://www.youtube.com/watch?v=jwHN6QQWv2g&list=WL&index=124,,,,https://videoexplorer.idvxlab.com/#
441,GE Capital Mid-Market,2014,AccessGE EMEA,https://www.youtube.com/watch?v=GJuK26FG4E4,,,,https://videoexplorer.idvxlab.com/#
442,Giving Birth In Your 20s VS Your 30s,2019,Science Insider,https://www.youtube.com/watch?v=gY5CLjmfhvo,,,,https://videoexplorer.idvxlab.com/#
443,Global Air Traffic,2012,RightColors,https://www.youtube.com/watch?v=OsPlhwA-ick,,,,https://videoexplorer.idvxlab.com/#
444,Global Wealth Report 2012 - What Will The Future Bring,2012,Credit Suisse,https://www.youtube.com/watch?v=WX-tEWNL_e0,,,,https://videoexplorer.idvxlab.com/#
445,Has Migration Gone too Far?,2018,The Economist,https://www.youtube.com/watch?v=xt-e8JQZmqw,,,,https://videoexplorer.idvxlab.com/#
446,Heart Disease Facts PSA,2014,Digital Splash,http://digitalsplashmedia.com/2014/04/heart-disease-facts-psa-video,,,,https://videoexplorer.idvxlab.com/#
447,History of Telangana and Andhra Pradesh,2014,The Economist,https://www.youtube.com/watch?v=TTH8FjsmraE,,,,https://videoexplorer.idvxlab.com/#
448,How Advertising Spending has Changed in America,2014,The Economist,https://www.youtube.com/watch?v=QQM4BfS0G_Y,,,,https://videoexplorer.idvxlab.com/#
449,How America Became a Superpower,2016,Vox,https://www.youtube.com/watch?v=BShvYeyMm_Y&list=WL&index=7,,,,https://videoexplorer.idvxlab.com/#
450,How Powerful is Your Passport?,2018,The Economist,https://www.youtube.com/watch?v=P4jibdbwKm4,,,,https://videoexplorer.idvxlab.com/#
451,How Tax Breaks Help the Rich,2017,Vox,https://www.youtube.com/watch?v=k1vE_LVBx4s&list=WL&index=8,,,,https://videoexplorer.idvxlab.com/#
452,How to Break the Two-Party Hold on American Politics,2017,Vox,https://www.youtube.com/watch?v=Nd-9op64t2M,,,,https://videoexplorer.idvxlab.com/#
453,How to Spot a Misleading Graph,2017,TED-Ed,https://www.youtube.com/watch?v=E91bGT9BjYk,,,,https://videoexplorer.idvxlab.com/#
454,If The World Were 100 People,2016,GOOD Magazine,https://www.youtube.com/watch?v=QFrqTFRy-LU,,,,https://videoexplorer.idvxlab.com/#
455,Inequality: How Wealth is Distributed in the UK,2013,The Guardian,https://www.theguardian.com/commentisfree/video/2013/oct/08/inequality-how-wealth-distributed-uk-animated-video,,,,https://videoexplorer.idvxlab.com/#
456,International Migration,2011,Edeos - Digital Education GmbH,https://www.youtube.com/watch?v=lOZmqIwqur4,,,,https://videoexplorer.idvxlab.com/#
457,iPad Animated Infographic - Past/Present/New Generation,2012,RightColors,https://www.youtube.com/watch?v=fXi1YTKEcY0,,,,https://videoexplorer.idvxlab.com/#
458,Is America Racist?,2016,PragerU,https://www.youtube.com/watch?v=ThRb9x-RieI&list=WL&index=2,,,,https://videoexplorer.idvxlab.com/#
459,Japan's Debt Problem Visualized,2013,Addogram,https://www.youtube.com/watch?v=Njp8bKpi-vg&list=TL6ZgCranjlWeMXo0NT2dQ_6SF0WOMEzbM,,,,https://videoexplorer.idvxlab.com/#
460,Live Chart: Global Smartphone Shipments,2014,The Economist,https://www.youtube.com/watch?v=ph8F320Bljc,,,,https://videoexplorer.idvxlab.com/#
461,Number of Deaths in the WW2 per Country,2018,MetaBallStudios,https://www.youtube.com/watch?v=7cgRwDkP6vk,,,,https://videoexplorer.idvxlab.com/#
462,"One Race, Every Medalist Ever",2012,The New York Times,http://archive.nytimes.com/www.nytimes.com/interactive/2012/08/05/sports/olympics/the-100-meter-dash-one-race-every-medalist-ever.html,,,,https://videoexplorer.idvxlab.com/#
463,Overpopulation - The Human Explosion Explained,2016,Kurzgesagt – In a Nutshell,https://www.youtube.com/watch?v=QsBT5EQt348,,,,https://videoexplorer.idvxlab.com/#
464,Overweight World - Obesity Facts and Statistics,2015,The Infographics Show,https://www.youtube.com/watch?v=IkoC3HZwe7Q&list=WL&index=64,,,,https://videoexplorer.idvxlab.com/#
465,People and Their Cars,2014,Visually,https://visual.ly/community/videographic/transportation/people-and-their-cars-americas-love-affair-automobile,,,,https://videoexplorer.idvxlab.com/#
466,Racing Against History,2012,The New York Times,http://archive.nytimes.com/www.nytimes.com/interactive/2012/08/01/sports/olympics/racing-against-history.html,,,,https://videoexplorer.idvxlab.com/#
467,Road to Recovery,2010,BarackObamadotcom,https://www.youtube.com/watch?v=jWmUnU7HS-I,,,,https://videoexplorer.idvxlab.com/#
468,Shocking Amounts of Sugar People Eat Around the World,2014,BuzzFeed,https://www.buzzfeed.com/brandensueper/shocking-amounts-of-sugar-people-eat-around-the-world#3h2hzr6,,,,https://videoexplorer.idvxlab.com/#
469,Show Me Something,2014,Shutterstock Blog,http://www.shutterstock.com/blog/an-infographic-exploration-of-online-video,,,,https://videoexplorer.idvxlab.com/#
470,Sidestepping Russia's Gas Monopoly,2009,The Economist,https://www.youtube.com/watch?v=qaEQQyYkYY8,,,,https://videoexplorer.idvxlab.com/#
471,Skivers V Strivers: The Benefits Debate Explained,2013,The Guardian,https://www.youtube.com/watch?v=ZoEhd-QnhtU,,,,https://videoexplorer.idvxlab.com/#
472,Taylor Swift vs Regular Girl - How Do They Compare?,2015,The Infographics Show,https://www.youtube.com/watch?v=0MuXnH-rAEE,,,,https://videoexplorer.idvxlab.com/#
473,The Bad Map We See Every Presidential Election,2016,Vox,https://www.youtube.com/watch?v=hlQE4IGFc5A,,,,https://videoexplorer.idvxlab.com/#
474,The Benefits of International Trade,2018,PolicyEd,https://www.youtube.com/watch?v=lFUG307RI4I,,,,https://videoexplorer.idvxlab.com/#
475,The Fallen of World War II,2015,Neil Halloran,http://www.fallen.io/ww2/,,,,https://videoexplorer.idvxlab.com/#
476,The Forest of Advocacy,2012,FlowingData,https://flowingdata.com/2012/09/14/animated-political-contributions/,,,,https://videoexplorer.idvxlab.com/#
477,The Marathon Route's Evolving Neighborhoods,2011,The New York Times,https://archive.nytimes.com/www.nytimes.com/interactive/2011/11/05/nyregion/the-evolving-neighborhoods-along-the-marathon.html,,,,https://videoexplorer.idvxlab.com/#
478,The Mind-Boggling Numbers Behind the Super Bowl,2016,NFL,https://www.youtube.com/watch?v=BhBX9r4gJzY,,,,https://videoexplorer.idvxlab.com/#
479,The Numbers Game: Do The Rich Get All The Gains?,2019,PolicyEd,https://www.youtube.com/watch?v=GcdqGUWj2oo&list=WL&index=19,,,,https://videoexplorer.idvxlab.com/#
480,The Numbers Game: The Paradox of Household Income,2018,PolicyEd,https://www.youtube.com/watch?v=1DU2IT8rl6c&list=WL&index=2,,,,https://videoexplorer.idvxlab.com/#
481,The Snowden Files: Facts and Figures,2013,The Guardian,https://www.theguardian.com/world/video/2013/dec/02/the-snowden-files-guide-surveillance-industry-video,,,,https://videoexplorer.idvxlab.com/#
482,The Status of Aid,2010,Designer Vimeo Channel,http://vimeo.com/10852417,,,,https://videoexplorer.idvxlab.com/#
483,The Swing State of Swing States,2012,The New York Times,https://www.nytimes.com/video/us/politics/100000001883681/the-swing-state-of-swing-states.html,,,,https://videoexplorer.idvxlab.com/#
484,The True Cost of the iPhone,2019,PolyMatter,https://www.youtube.com/watch?v=5kZRY5xlP6Y&list=WL&index=80,,,,https://videoexplorer.idvxlab.com/#
485,The UK Election Explained,2017,Financial Times,https://www.youtube.com/watch?v=KgLNdnQoElo,,,,https://videoexplorer.idvxlab.com/#
486,"The United States (USA) vs The World, Who Would Win? Military / Army Comparison",2018,The Infographics Show,https://www.youtube.com/watch?v=1y1e_ASbSIE,,,,https://videoexplorer.idvxlab.com/#
487,The World’s Largest 10 Economies in 2030,2019,Visual Capitalist,https://www.youtube.com/watch?v=L5v9jt4__ho&list=UUc3e9XOO_neg3mnb9yDTklg&index=4,,,,https://videoexplorer.idvxlab.com/#
488,This Incredible Animation Shows How Deep The Ocean Really is,2017,Tech Insider,https://www.youtube.com/watch?v=UwVNkfCov1k,,,,https://videoexplorer.idvxlab.com/#
489,Time History of Atmospheric Carbon Dioxide,2014,ClimateState,http://climatestate.com/2014/07/12/time-history-of-atmospheric-carbon-dioxide/,,,,https://videoexplorer.idvxlab.com/#
490,"Time: The History & Future of Everything, Remastered",2018,Kurzgesagt – In a Nutshell,https://www.youtube.com/watch?v=5TbUxGZtwGI,,,,https://videoexplorer.idvxlab.com/#
491,Top Growers in 2014,2014,The Economist,https://www.youtube.com/watch?v=00OgaJzZhOs,,,,https://videoexplorer.idvxlab.com/#
492,Trade Justice - Why World Trade Rules Need to Change,2008,Trade Aid,https://www.youtube.com/watch?v=ldZwGDXTsmk,,,,https://videoexplorer.idvxlab.com/#
493,Ukrainian Web - Revolution,2012,PlusOne,https://www.youtube.com/watch?v=2NpVNWwW2ZU,,,,https://videoexplorer.idvxlab.com/#
494,Urbanisation and the Rise of the Megacity,2017,The Economist,https://www.youtube.com/watch?v=JDS_BqDeZ4k,,,,https://videoexplorer.idvxlab.com/#
495,US Energy Outlook 2030: America's Energy Future  - 2013 Report,2013,BP,https://www.youtube.com/watch?v=PN6Nq_hpUck,,,,https://videoexplorer.idvxlab.com/#
496,Visualizing the Structure of the World Economy and Population in One Chart,2015,World Bank,https://www.youtube.com/watch?v=CRfc85AIH3c,,,,https://videoexplorer.idvxlab.com/#
497,Waiting for Superman - Official Movie Trailer,2010,Movietrailers2020,https://www.youtube.com/watch?v=5O_our5oKI8,,,,https://videoexplorer.idvxlab.com/#
498,Was Karl Marx Right?,2018,The Economist,https://www.youtube.com/watch?v=TMmDebW_OBI,,,,https://videoexplorer.idvxlab.com/#
499,Wealth Inequality in America,2012,Politzane,https://www.youtube.com/watch?v=QPKKQnijnsM,,,,https://videoexplorer.idvxlab.com/#
500,What Bill Gates is Afraid of,2015,Vox,https://www.youtube.com/watch?v=9AEMKudv5p0&list=WL&index=2,,,,https://videoexplorer.idvxlab.com/#
501,What Does One Trillion Dollars Look Like?,2009,VizWorld,https://vizworld.com/2009/07/one-trillion-dollars-visualized-from-mint/#sthash.qpuiOrsU.dpbs,,,,https://videoexplorer.idvxlab.com/#
502,What If Only 100 People Existed on Earth?,2017,RealLifeLore,https://www.youtube.com/watch?v=UbffuGZHeR0,,,,https://videoexplorer.idvxlab.com/#
503,What is the True UK Cost of the Afghanistan War?,2011,Countfire,https://www.counterfire.org/articles/video/14656-what-is-the-true-cost-of-the-afghanistan-war-narrated-by-tony-benn-music-by-brian-eno,,,,https://videoexplorer.idvxlab.com/#
504,What People Miss About the Gender Wage Gap,2016,Vox,https://www.youtube.com/watch?v=13XU4fMlN3w&list=WL&index=2,,,,https://videoexplorer.idvxlab.com/#
505,Why are Some People Left-handed?,2015,TED-Ed,https://www.youtube.com/watch?v=TGLYcYCm2FM,,,,https://videoexplorer.idvxlab.com/#
506,Why are Women Paid Less Than Men?,2017,The Economist,https://www.youtube.com/watch?v=mpE8ttCEd-w,,,,https://videoexplorer.idvxlab.com/#
507,Why France Produces the Most World Cup Players,2018,Vox,https://www.youtube.com/watch?v=P55XYp2KD2Y&list=WL&index=3,,,,https://videoexplorer.idvxlab.com/#
508,2020 US presidential election,,AutoClips,https://autoclips.idvxlab.com/gallery/election.mp4,,,,https://autoclips.idvxlab.com/#/
509,Amazon Bestsellers,,AutoClips,https://autoclips.idvxlab.com/gallery/amazon.mp4,,,,https://autoclips.idvxlab.com/#/
510,Netflix Movies,,AutoClips,https://autoclips.idvxlab.com/gallery/netflix.mp4,,,,https://autoclips.idvxlab.com/#/
511,Google Play Store Apps,,AutoClips,https://autoclips.idvxlab.com/gallery/google.mp4,,,,https://autoclips.idvxlab.com/#/
512,Steam Store Games,,AutoClips,https://autoclips.idvxlab.com/gallery/steam.mp4,,,,https://autoclips.idvxlab.com/#/
513,"US death rates v UK, Italy and South Korea - BBC News",2020,BBC News,https://www.youtube.com/watch?v=JjO5jewQUZk,,,,http://pyramidstory.idvxlab.com/#/Gallery
514,Did the US reopen faster than other countries? - BBC News,2020,BBC News,https://www.youtube.com/watch?v=RbtdGupA5OM,,,,http://pyramidstory.idvxlab.com/#/Gallery
515,India election 2019: Are women any safer?,2019,BBC News,https://www.youtube.com/watch?v=TLEAY9ih6dM,,,,http://pyramidstory.idvxlab.com/#/Gallery
516,Eisenhower's Warning: Military Industrial Complex's Growing Budget,2014,The New York Times,https://www.youtube.com/watch?v=9QXjBVC233s,,,,http://pyramidstory.idvxlab.com/#/Gallery
517,Live chart: Sexual equality and income inequality,2014,The Economist,https://www.youtube.com/watch?v=-B9iV_7yG1g,,,,http://pyramidstory.idvxlab.com/#/Gallery
518,Live Chart - June 5th 2013,2013,The Economist,https://www.youtube.com/watch?v=YQmOEsVvLqg,,,,http://pyramidstory.idvxlab.com/#/Gallery
519,Global Wealth Inequality - What you never knew you never knew,2013,TheRulesOrg,https://www.youtube.com/watch?v=uWSxzjyMNpU,,,,http://pyramidstory.idvxlab.com/#/Gallery
520,"American segregation, mapped at day and night",2019,Vox,https://www.youtube.com/watch?v=qaPQN0aW47I,,,,http://pyramidstory.idvxlab.com/#/Gallery
521,How climate change makes hurricanes worse,2017,Vox,https://www.youtube.com/watch?v=_0TCrGtTEQM,,,,http://pyramidstory.idvxlab.com/#/Gallery
522,"How America can leave fossil fuels behind, in one chart",2020,Vox,https://www.youtube.com/watch?v=QfAXbGInwno,,,,http://pyramidstory.idvxlab.com/#/Gallery
523,How online ratings make good schools look bad,2019,Vox,https://www.youtube.com/watch?v=WC3ZPgg0nds,,,,http://pyramidstory.idvxlab.com/#/Gallery
524,中国的2060碳中和之路,2020,CGTN,https://v.qq.com/x/page/v3203xe23o2.html,,,,http://pyramidstory.idvxlab.com/#/Gallery
525,The 'duck curve' is solar energy's greatest challenge,2018,Vox,https://www.youtube.com/watch?v=YYLzss58CLs,,,,http://pyramidstory.idvxlab.com/#/Gallery
526,Why America needs automatic voter registration,2018,Vox,https://www.youtube.com/watch?v=Hd5Qs0fc_I0,,,,http://pyramidstory.idvxlab.com/#/Gallery
527,Weed is not more dangerous than alcohol,2014,Vox,https://www.youtube.com/watch?v=zGSzj7ztszI,,,,http://pyramidstory.idvxlab.com/#/Gallery
528,Is the Nasdaq in Another Bubble?,2015,The Wall Street Journal,http://graphics.wsj.com/3d-nasdaq/,,,,http://pyramidstory.idvxlab.com/#/Gallery
529,80秒看中国股市28年跌宕起伏 这几次股灾你躲过了吗？,2018,数读视频,https://v.qq.com/x/page/l0818ao7dtb.html,,,,http://pyramidstory.idvxlab.com/#/Gallery
530,RICHEST Fictional CHARACTERS | 3D Comparison,2019,MetaBallStudios,https://www.youtube.com/watch?v=0eU2IvY9ybk,,,,http://pyramidstory.idvxlab.com/#/Gallery
531,US Debt of $20 Trillion Visualized in Stacks of Physical Cash,2017,Demonocracy Info,https://www.youtube.com/watch?v=XqUwr-Nkq9g,,,,http://pyramidstory.idvxlab.com/#/Gallery
532,Data on hate crimes is terrible. Here's why.,2017,ProPublica,https://www.youtube.com/watch?v=u8JNikQLGB4,,,,http://pyramidstory.idvxlab.com/#/Gallery
533,Americans Dodge $660 Billion in Taxes Each Year — And It’s Probably Getting Worse,2018,ProPublica,https://www.youtube.com/watch?v=ZxXOyYSHcfE,,,,http://pyramidstory.idvxlab.com/#/Gallery
534,Map Shows How Humans Migrated Across The Globe,2015,Science Insider,https://www.youtube.com/watch?v=CJdT6QcSbQ0,,,,http://pyramidstory.idvxlab.com/#/Gallery
535,Why is California always on fire?,2018,Vox,https://www.youtube.com/watch?v=OerszexsuLw,,,,http://pyramidstory.idvxlab.com/#/Gallery
536,"One Race, Every Medalist Ever",2012,The New York Times,https://www.youtube.com/watch?v=_L_vq5JYQlE,,,,http://pyramidstory.idvxlab.com/#/Gallery
537,The Status of Aid,2010,Vimeo Account B,https://vimeo.com/10852417,,,,http://pyramidstory.idvxlab.com/#/Gallery
538,Waste to Energy Infographic,2012,Nicole Cioffe,https://vimeo.com/34927466,,,,http://pyramidstory.idvxlab.com/#/Gallery
539,What is the true UK cost of the Afghanistan war?,2011,StoptheWarCoalition,https://www.youtube.com/watch?v=X0Bkg8zgoYQ,,,,http://pyramidstory.idvxlab.com/#/Gallery
540,World Cup of Security Infographic,2014,GFI Software,https://www.youtube.com/watch?v=bTCOMehIGg4,,,,http://pyramidstory.idvxlab.com/#/Gallery
541,如果遇到这些毒素，怎么解？,,金十数据,https://www.iesdouyin.com/share/video/6914587205914643719/?region=CN&mid=6914587302534613767&u_code=l3bf8fa2&titleType=title&did=3869925553739405&iid=3043100011011916&timestamp=1609936956&app=aweme&utm_campaign=client_share&utm_medium=ios&tt_from=copy&utm_source=copy,,,,http://pyramidstory.idvxlab.com/#/Gallery
542,各国茶叶产量排行榜,,金十数据,https://v.douyin.com/JwUma5w/,,,,http://pyramidstory.idvxlab.com/#/Gallery
543,盘点员工最多的公司,,金十数据,https://v.douyin.com/JwUHHfV/,,,,http://pyramidstory.idvxlab.com/#/Gallery
544,2018年世界各国下水军碱总吨位排名,2018,金十数据,https://www.iesdouyin.com/share/video/6743146016180047116/?region=CN&mid=6743142252140350215&u_code=l3bf8fa2&titleType=title&did=3869925553739405&iid=3043100011011916&timestamp=1609942382&app=aweme&utm_campaign=client_share&utm_medium=ios&tt_from=copy&utm_source=copy,,,,http://pyramidstory.idvxlab.com/#/Gallery
545,1973-2018，美国石油产量时隔45年重回全球第一,2018,数读视频,https://v.qq.com/x/page/k0719b9dksm.html,,,,http://pyramidstory.idvxlab.com/#/Gallery
546,Hans Rosling: The River of Myths,2013,Bill Gates,https://www.youtube.com/watch?v=lYpX4l2UeZg,,,,http://pyramidstory.idvxlab.com/#/Gallery
547,How To End Poverty in 15 years' Hans Rosling,2015,BBC News,https://www.youtube.com/watch?v=5JiYcV_mg6A,,,,http://pyramidstory.idvxlab.com/#/Gallery
548,Rocket Size Comparison,2019,Harry Evett,https://www.youtube.com/watch?v=HHnor0pns2o,,,,http://pyramidstory.idvxlab.com/#/Gallery
549,Inequality in Australia: a nation divided,,ACOSS,https://www.youtube.com/watch?v=y8FUbds7tNU,,,,http://pyramidstory.idvxlab.com/#/Gallery
550,陆地上哪种动物的数量最庞大？,,金十数据,https://www.iesdouyin.com/share/video/6834802345260502275/?region=CN&mid=6834802455503555336&u_code=l3bf8fa2&titleType=title&did=3869925553739405&iid=3043100011011916&timestamp=1609939934&app=aweme&utm_campaign=client_share&utm_medium=ios&tt_from=copy&utm_source=copy,,,,http://pyramidstory.idvxlab.com/#/Gallery
551,Off by Trillions: The Reality of our Pension Problem,2017,PolicyEd,https://www.youtube.com/watch?v=_8KlJgaS42U,,,,http://pyramidstory.idvxlab.com/#/Gallery
552,The Numbers Game: How's The Middle Class Doing?,2017,PolicyEd,https://www.youtube.com/watch?v=VXI_ADnp22c,,,,http://pyramidstory.idvxlab.com/#/Gallery
553,Walmart Nation: Mapping the Largest Employers in the U.S.,2019,Visual Capitalist,https://www.youtube.com/watch?v=vsYfG5hjjE8,,,,http://pyramidstory.idvxlab.com/#/Gallery
554,The Fallen of World War II,2016,Neil Halloran,https://www.youtube.com/watch?v=DwKPFT-RioU,,,,http://pyramidstory.idvxlab.com/#/Gallery
555,Glass Ceiling Infographic,2015,Marina Calvo,https://vimeo.com/116605712,,,,http://pyramidstory.idvxlab.com/#/Gallery
556,Costs of War: the Human Toll of the Post-9/11 Wars,2016,Brown University,https://www.youtube.com/watch?v=aVr0MSEW2SU,,,,http://pyramidstory.idvxlab.com/#/Gallery
557,人类到底可以挖多深？,,金十数据,https://www.iesdouyin.com/share/video/6906420584645790984/?region=CN&mid=6906420701092596487&u_code=l3bf8fa2&titleType=title&did=3869925553739405&iid=3043100011011916&timestamp=1609937291&app=aweme&utm_campaign=client_share&utm_medium=ios&tt_from=copy&utm_source=copy,,,,http://pyramidstory.idvxlab.com/#/Gallery
558,The Formula For Economic Growth,2017,PolicyEd,https://www.youtube.com/watch?v=R4G4AiuWOSk,,,,http://pyramidstory.idvxlab.com/#/Gallery
559,Why measles is back in the US,2019,Vox,https://www.youtube.com/watch?v=Z2swde6Z97w,,,,http://pyramidstory.idvxlab.com/#/Gallery
560,Senate and governor races are diverging sharply in some states,2018,FiveThirtyEight,https://www.youtube.com/watch?v=6UVoVLCOwPE,,,,http://pyramidstory.idvxlab.com/#/Gallery
561,Corona race meme 2 (Brazil ascension),2020,Kori,https://www.youtube.com/watch?v=RDFJyooifAA,,,,http://pyramidstory.idvxlab.com/#/Gallery
562,Corona race meme (covid-19 growth by country),2020,Kori,https://www.youtube.com/watch?v=4f6-MDhygWc,,,,http://pyramidstory.idvxlab.com/#/Gallery
563,40年来中国如何逐步跻身贸易大国行列,2018,CGTN,https://v.qq.com/x/page/t0820yr9zgw.html,,,,http://pyramidstory.idvxlab.com/#/Gallery
564,The Power Of Education: Boosting Economic Growth In The Long Run,2017,PolicyEd,https://www.youtube.com/watch?v=ls-UPPAxCh0,,,,http://pyramidstory.idvxlab.com/#/Gallery
565,All the Medalists: Men’s 100-Meter Freestyle,2012,The New York Times,https://www.youtube.com/watch?v=VWAkhFJm7Q0,,,,http://pyramidstory.idvxlab.com/#/Gallery
566,7 Billion: How Did We Get So Big So Fast? | SKUNK BEAR,2011,NPR,https://www.youtube.com/watch?v=VcSX4ytEfcE,,,,http://pyramidstory.idvxlab.com/#/Gallery
567,狮子VS老虎，谁是万兽之王？,,金十数据,https://www.iesdouyin.com/share/video/6858191689744518413/?region=CN&mid=6858191816471481095&u_code=l3bf8fa2&titleType=title&did=3869925553739405&iid=3043100011011916&timestamp=1609939517&app=aweme&utm_campaign=client_share&utm_medium=ios&tt_from=copy&utm_source=copy,,,,http://pyramidstory.idvxlab.com/#/Gallery
568,How Republican and Democratic voters have changed since 1992,2016,Pew Research Center,https://www.youtube.com/watch?v=9UMnQq_LRQs,,,,http://pyramidstory.idvxlab.com/#/Gallery
569,There's More to the Story of the Shrinking Pay Gap,2014,Pew Research Center,https://www.youtube.com/watch?v=sfD7C49v5Vg,,,,http://pyramidstory.idvxlab.com/#/Gallery
570,There Is No Gender Wage Gap,2017,PragerU,https://www.youtube.com/watch?v=QcDrE5YvqTs,,,,http://pyramidstory.idvxlab.com/#/Gallery
571,What is going on in the Midwest! Regional Covid data story,2020,Flow Immersive,https://www.youtube.com/watch?v=F70PS2OcPWE,,,,http://pyramidstory.idvxlab.com/#/Gallery
572,Dynamic graph of China's GDP growth in 42 years,2020,CGTN,https://www.youtube.com/watch?v=fOFXyRC-ixc,,,,http://pyramidstory.idvxlab.com/#/Gallery
573,What happens when women win elections,2018,Vox,https://www.youtube.com/watch?v=rYyacj_tYs4,,,,http://pyramidstory.idvxlab.com/#/Gallery
574,Perceptions of Indonesia's Inequality,2015,World Bank,https://www.youtube.com/watch?v=WIDbt4ndhaM,,,,http://pyramidstory.idvxlab.com/#/Gallery
575,FILM DIALOGUE BY GENDER // A DATA STORY,2019,Duna Domingo López,https://vimeo.com/314135426,,,,http://pyramidstory.idvxlab.com/#/Gallery
576,Ireland’s Great Wealth Divide poll | RTÉ One,2015,RTÉ,https://www.youtube.com/watch?v=y0GlC6f8NJ0,,,,http://pyramidstory.idvxlab.com/#/Gallery
577,Data Story - Sargent Mountain,2013,Alba Briggs,https://vimeo.com/61927108,,,,http://pyramidstory.idvxlab.com/#/Gallery
578,Data Story - Zero Flow,2013,Alba Briggs,https://vimeo.com/61953301,,,,http://pyramidstory.idvxlab.com/#/Gallery
579,多少个气球能让房子飞起来？,,金十数据,https://www.iesdouyin.com/share/video/6880447696436546830/?region=CN&mid=6880447857170729741&u_code=l3bf8fa2&titleType=title&did=3869925553739405&iid=3043100011011916&timestamp=1609938943&app=aweme&utm_campaign=client_share&utm_medium=ios&tt_from=copy&utm_source=copy,,,,http://pyramidstory.idvxlab.com/#/Gallery
580,Wealth Inequality in Canada,2014,Broadbent Institute,https://www.youtube.com/watch?v=zBkBiv5ZD7s,,,,http://pyramidstory.idvxlab.com/#/Gallery
581,Data Story - Sea Spray,2013,Alba Briggs,https://vimeo.com/61927581,,,,http://pyramidstory.idvxlab.com/#/Gallery
582,Data visualization - Obesity,2017,Stylianos Makridis,https://vimeo.com/184929552,,,,http://pyramidstory.idvxlab.com/#/Gallery
583,Data Visualisation Story for DECO3100,2019,Nicholas Lam,https://vimeo.com/325369472,,,,http://pyramidstory.idvxlab.com/#/Gallery
584,The racist history of US immigration policy,2016,Vox,https://www.youtube.com/watch?v=6yiQAmgI5s4,,,,http://pyramidstory.idvxlab.com/#/Gallery
585,All the Medalists: Men’s Long Jump,2012,The New York Times,https://www.youtube.com/watch?v=a3LzKoMKjjk,,,,http://pyramidstory.idvxlab.com/#/Gallery
586,"The most important chart of 2014, explained in under a minute",2014,Vox,https://www.youtube.com/watch?v=SGoWEdGl82M,,,,http://pyramidstory.idvxlab.com/#/Gallery
587,The march of marriage equality,2015,Vox,https://www.youtube.com/watch?v=i2crZ4_xgKg,,,,http://pyramidstory.idvxlab.com/#/Gallery
588,Bar chart race: the most populous cities through time,2019,Financial Times,https://www.youtube.com/watch?v=pMs5xapBewM,,,,http://pyramidstory.idvxlab.com/#/Gallery
589,The Risky Business of Public Pensions,2019,PolicyEd,https://www.youtube.com/watch?v=bcFih7Wv9WE,,,,http://pyramidstory.idvxlab.com/#/Gallery
590,2019年全球猪肉消费量排名TOP20,2019,金十数据,https://v.douyin.com/JTP5Bpc/,,,,http://pyramidstory.idvxlab.com/#/Gallery
591,2019全球企业研发投入排名TOP50,2019,金十数据,https://v.douyin.com/JTPK6cq/,,,,http://pyramidstory.idvxlab.com/#/Gallery
592,中国人口数量变化,,金十数据,https://v.douyin.com/JwUvKJM/,,,,http://pyramidstory.idvxlab.com/#/Gallery
593,World MINERAL commodities PRODUCTION in real scale (annual),2020,MetaBallStudios,https://www.youtube.com/watch?v=ALgXflLVLBw,,,,http://pyramidstory.idvxlab.com/#/Gallery
594,OIL PRODUCTION by Country,2020,MetaBallStudios,https://www.youtube.com/watch?v=hOM33nAHPKI,,,,http://pyramidstory.idvxlab.com/#/Gallery
595,What Works: Gender Equality by Design,,Harvard University,https://www.youtube.com/watch?v=niH9wfKsUIc,,,,http://pyramidstory.idvxlab.com/#/Gallery
596,你的身体达标了吗？,,金十数据,https://www.iesdouyin.com/share/video/6881569292916133134/?region=CN&mid=6881569433002756872&u_code=l3bf8fa2&titleType=title&did=3869925553739405&iid=3043100011011916&timestamp=1609938801&app=aweme&utm_campaign=client_share&utm_medium=ios&tt_from=copy&utm_source=copy,,,,http://pyramidstory.idvxlab.com/#/Gallery
597,Tsunami Height Comparison,,Reigarw Comparisons,https://www.youtube.com/watch?v=xoWeQOo3Uo4,,,,http://pyramidstory.idvxlab.com/#/Gallery
598,古代建筑排行,,金十数据,https://v.douyin.com/JwU4x6M/,,,,http://pyramidstory.idvxlab.com/#/Gallery
599,Galaxy Size Comparison,,Reigarw Comparisons,https://www.youtube.com/watch?v=BirzFtJ0MjM,,,,http://pyramidstory.idvxlab.com/#/Gallery
600,Visible Measures Superbowl Infographic Video,,Visible Measures,https://www.youtube.com/watch?v=yMzoO8XPXvg,,,,http://pyramidstory.idvxlab.com/#/Gallery
601,Planet Size Comparison,,Reigarw Comparisons,https://www.youtube.com/watch?v=dlodOQJpe4M,,,,http://pyramidstory.idvxlab.com/#/Gallery
602,这个大坝问“顶”成功，却鲜有人知,,金十数据,https://www.douyin.com/video/6869688275091688718?previous_page=others_homepage,,,,http://pyramidstory.idvxlab.com/#/Gallery
603,Wildfire Size Comparison,,Reigarw Comparisons,https://www.youtube.com/watch?v=nYthK2TaHzM,,,,http://pyramidstory.idvxlab.com/#/Gallery
604,Tornado Size Comparison,,Reigarw Comparisons,https://www.youtube.com/watch?v=BRTkCsUmn5c&list=RDCMUCcM-EIxza5g1S0dpnoO_ePA&index=2,,,,http://pyramidstory.idvxlab.com/#/Gallery
605,rising-pattern4-visual2,2019,Reigarw Comparisons,https://www.youtube.com/watch?v=koXKJnD3pEA,,,,http://pyramidstory.idvxlab.com/#/Gallery
606,rising-pattern4-visual3,2014,Reigarw Comparisons,https://www.youtube.com/watch?v=AdgP_ZFnwkI,,,,http://pyramidstory.idvxlab.com/#/Gallery
